Build No.,CPU,Motherboard,RAM,GPU,PSU
1,AMD Ryzen 9 7900X,B650,32 GB (2 x 16 GB) DDR5-6600,RTX 4070 Ti,1000 W
2,AMD Ryzen 5 5600X,B550-F,32 GB (2 x 16 GB) DDR4-3600,RTX 4070,750 W
3,AMD Ryzen 5 5600,B550,32 GB (2 x 16 GB) DDR4-3200,RTX 4060,650 W
4,AMD Ryzen 9 7900X,B650E-F,32 GB (2 x 16 GB) DDR5-6000,RTX 4070,850 W
5,AMD Ryzen 5 5600X,B550M-VC,16 GB (2 x 8 GB) DDR4-3200,RTX 4060,600 W
6,Intel Core i5-13600KF,B760MZ-E,32 GB (2 x 16 GB) DDR5-5600,RTX 4060 Ti,750 W
7,AMD Ryzen 7 7700X,X670E,32 GB (2 x 16 GB) DDR5-6000,RTX 4070 Ti,1000 W
8,AMD Ryzen 7 7700X,B650,64 GB (2 x 32 GB) DDR5-6400,RTX 4060,750 W
9,AMD Ryzen 9 7950X,B650E-F,32 GB (2 x 16 GB) DDR5-6000,RTX 4090,1000 W
10,AMD Ryzen 9 7950X,X670E,32 GB (2 x 16 GB) DDR5-5600,RTX 4080,1000 W
11,AMD Ryzen 7 7700X,X670E,64 GB (2 x 32 GB) DDR5-5200,RTX 4080,1000 W
12,AMD Ryzen 5 5600,Gigabyte A520I AC Mini ITX AM4,16 GB (2 x 8 GB) DDR4-3200,RTX 4060,1000 W
13,Intel Core i7-13700KF,Z790,32 GB (2 x 16 GB) DDR5-6000,RTX 4080,1000 W
14,AMD Ryzen 9 7900X,B650-A,32 GB (2 x 16 GB) DDR5-5600,RTX 4080,850 W
15,Intel Core i7-13700KF,Z790,32 GB (2 x 16 GB) DDR5-6000,RTX 4070,1000 W
16,AMD Ryzen 7 7700X,B650,32 GB (2 x 16 GB) DDR5-6000,RTX 4080,1000 W
17,Intel Core i5-13600KF,B760M-A,32 GB (2 x 16 GB) DDR4-3600,RTX 4060 Ti,750 W
18,AMD Ryzen 7 7700X,B650,32 GB (2 x 16 GB) DDR5-6000,RTX 4070,850 W
19,AMD Ryzen 5 5600,B550,32 GB (2 x 16 GB) DDR4-3600,RTX 4060 Ti,650 W
20,AMD Ryzen 7 7700X,B650M,32 GB (2 x 16 GB) DDR5-6000,RTX 4070,750 W
21,Intel Core i7-13700KF,Z790,32 GB (2 x 16 GB) DDR5-6400,RTX 4070,1200 W
22,Intel Core i7-13700KF,Z790,64 GB (2 x 32 GB) DDR5-6000,RTX 4080,1300 W
23,AMD Ryzen 5 5600,B550-A,16 GB (2 x 8 GB) DDR4-3200,RTX 4060,750 W
24,AMD Ryzen 7 7700X,B650-P,32 GB (2 x 16 GB) DDR5-6000,RTX 4060 Ti,850 W
25,AMD Ryzen 5 5600X,B550,16 GB (2 x 8 GB) DDR4-3600,RTX 4060,600 W
26,AMD Ryzen 9 7950X,X670E-CREATOR,192 GB (4 x 48 GB) DDR5-5200,RTX 4090,1000 W
27,Intel Core i5-13400F,B760M,32 GB (2 x 16 GB) DDR5-6000,RTX 4070,750 W
28,AMD Ryzen 7 7700X,B650I,32 GB (2 x 16 GB) DDR5-6000,RTX 4060 Ti,600 W
29,AMD Ryzen 9 7900X,B650,32 GB (2 x 16 GB) DDR5-6000,RTX 4070 Ti,1000 W
30,AMD Ryzen 7 7700X,B650,32 GB (2 x 16 GB) DDR5-6000,RTX 4070,750 W
31,AMD Ryzen 7 7700X,B650-P,32 GB (2 x 16 GB) DDR5-6000,RTX 4070 Ti,850 W
32,AMD Ryzen 9 7900X,X670E,32 GB (2 x 16 GB) DDR5-6000,RTX 4090,1200 W
33,AMD Ryzen 5 5600X,X570-PLUS,32 GB (2 x 16 GB) DDR4-3600,RTX 4070,850 W
34,AMD Ryzen 5 5600,B550,16 GB (2 x 8 GB) DDR4-3000,RTX 4060,850 W
35,AMD Ryzen 5 5600X,X570,32 GB (2 x 16 GB) DDR4-3600,RTX 4070,750 W
36,AMD Ryzen 5 5600X,B550M-E,16 GB (2 x 8 GB) DDR4-3200,RTX 4060,650 W
37,AMD Ryzen 9 7900X,B650-A,32 GB (2 x 16 GB) DDR5-6000,RTX 4070,750 W
38,AMD Ryzen 7 7700X,B650,32 GB (2 x 16 GB) DDR5-6000,RTX 4060 Ti,750 W
39,Intel Core i7-13700KF,Z790-F,32 GB (2 x 16 GB) DDR5-6000,RTX 4080,850 W
40,AMD Ryzen 9 7950X,X670E-PLUS,64 GB (2 x 32 GB) DDR5-6400,RTX 4090,850 W
41,AMD Ryzen 9 7950X,X670E,32 GB (2 x 16 GB) DDR5-6000,RTX 4090,1600 W
42,AMD Ryzen 7 7700X,B650-P,32 GB (2 x 16 GB) DDR5-6000,RTX 4060,750 W
43,AMD Ryzen 7 7700X,B650,32 GB (2 x 16 GB) DDR5-6000,RTX 4060 Ti,850 W
44,Intel Core i7-13700KF,Z790,32 GB (2 x 16 GB) DDR5-6400,RTX 4070,1200 W
45,AMD Ryzen 5 5600X,X570-PLUS,32 GB (4 x 8 GB) DDR4-3200,RTX 4060,550 W
46,Intel Core i5-13400F,B760-A,32 GB (2 x 16 GB) DDR4-3600,RTX 4070,750 W
47,Intel Core i7-13700KF,Z790,32 GB (2 x 16 GB) DDR5-6000,RTX 4070 Ti,750 W
48,AMD Ryzen 5 5600,B550M-VC,32 GB (2 x 16 GB) DDR4-3600,RTX 4060,750 W
49,AMD Ryzen 5 5600X,B550-F,32 GB (2 x 16 GB) DDR4-3600,RTX 4060,650 W
50,Intel Core i7-13700KF,Z790,32 GB (2 x 16 GB) DDR5-6400,RTX 4070,1000 W
51,AMD Ryzen 9 7900X,B650E-F,32 GB (2 x 16 GB) DDR5-6000,RTX 4080,1000 W
52,AMD Ryzen 7 7700X,X670E-PRO,32 GB (2 x 16 GB) DDR5-6200,RTX 4070,850 W
53,Intel Core i7-13700KF,Z790,32 GB (2 x 16 GB) DDR5-6000,RTX 4070,850 W
54,AMD Ryzen 9 7900X,B650,64 GB (2 x 32 GB) DDR5-6000,RTX 4080,1000 W
55,Intel Core i5-13600KF,Z790-P,32 GB (2 x 16 GB) DDR5-5200,RTX 4080,850 W
56,AMD Ryzen 9 7950X,X670E,64 GB (2 x 32 GB) DDR5-6000,RTX 4090,1200 W
57,Intel Core i7-13700KF,Z790,32 GB (2 x 16 GB) DDR5-6000,RTX 4070 Ti,1000 W
58,AMD Ryzen 9 7900X,X670-P,32 GB (2 x 16 GB) DDR5-6400,RTX 4060 Ti,850 W
59,AMD Ryzen 7 7700X,B650,32 GB (2 x 16 GB) DDR5-6000,RTX 4080,1000 W
60,AMD Ryzen 7 7700X,X670E-PRO,64 GB (2 x 32 GB) DDR5-5600,RTX 4070,850 W
61,AMD Ryzen 7 7700X,B650E,32 GB (2 x 16 GB) DDR5-6000,RTX 4070,750 W
62,AMD Ryzen 5 5600X,B550-F,32 GB (2 x 16 GB) DDR4-3600,RTX 4070,650 W
63,AMD Ryzen 5 5600,B550,32 GB (2 x 16 GB) DDR4-3200,RTX 4060 Ti,750 W
64,AMD Ryzen 7 7700X,X670E-A,64 GB (2 x 32 GB) DDR5-6400,RTX 4090,1000 W
65,Intel Core i9-12900KF,Z69XT-B1,32 GB (2 x 16 GB) DDR4-3600,RTX 4070,850 W
66,Intel Core i5-13600KF,Z790-PLUS,32 GB (2 x 16 GB) DDR5-6000,RTX 4070,850 W
67,Intel Core i5-13400F,B760M,8 GB (1 x 8 GB) DDR4-3200,RTX 4070,750 W
68,AMD Ryzen 7 7700X,B650E-E,32 GB (2 x 16 GB) DDR5-6000,RTX 4090,1000 W
69,Intel Core i7-13700KF,Z790,32 GB (2 x 16 GB) DDR5-6400,RTX 4070,1200 W
70,AMD Ryzen 5 5600X,B550,32 GB (2 x 16 GB) DDR4-3600,RTX 4060 Ti,850 W
71,AMD Ryzen 7 7700X,X670E-PLUS,32 GB (2 x 16 GB) DDR5-6000,RTX 4080,850 W
72,AMD Ryzen 9 7950X,X670E-E,64 GB (2 x 32 GB) DDR5-6000,RTX 4090,1200 W
73,Intel Core i9-12900KF,Z690,32 GB (2 x 16 GB) DDR5-6000,RTX 4070,850 W
74,AMD Ryzen 5 5600,B550M,16 GB (2 x 8 GB) DDR4-3200,RTX 4060,650 W
75,AMD Ryzen 7 7700X,B650,32 GB (2 x 16 GB) DDR5-5600,RTX 4070,750 W
76,AMD Ryzen 9 7900X,B650-PLUS,32 GB (2 x 16 GB) DDR5-6000,RTX 4070 Ti,850 W
77,Intel Core i7-13700KF,Z790-I,32 GB (2 x 16 GB) DDR5-6400,RTX 4080,750 W
78,AMD Ryzen 9 7950X,X670E,32 GB (2 x 16 GB) DDR5-5600,RTX 4090,1200 W
79,AMD Ryzen 5 5600X,B450I,16 GB (2 x 8 GB) DDR4-3000,RTX 4060,500 W
80,AMD Ryzen 9 7950X,X670E,96 GB (2 x 48 GB) DDR5-6000,RTX 4090,1600 W
81,AMD Ryzen 5 5600,B450,16 GB (2 x 8 GB) DDR4-3200,RTX 4060,850 W
82,Intel Core i5-13400F,B760-I,32 GB (2 x 16 GB) DDR5-6000,RTX 4070,750 W
83,Intel Core i7-13700KF,Z790-A,32 GB (2 x 16 GB) DDR5-5600,RTX 4070 Ti,850 W
84,AMD Ryzen 9 7900X,B650-PLUS,32 GB (2 x 16 GB) DDR5-5600,RTX 4070,850 W
85,Intel Core i5-13600KF,Z790,32 GB (2 x 16 GB) DDR4-3600,RTX 4060 Ti,1050 W
86,AMD Ryzen 9 7950X,X670-P,32 GB (2 x 16 GB) DDR5-5600,RTX 4080,1000 W
87,Intel Core i5-13600KF,Z790,32 GB (2 x 16 GB) DDR5-5600,RTX 4070,750 W
88,Intel Core i5-13600KF,Z790M-ITX,32 GB (2 x 16 GB) DDR5-6000,RTX 4070,750 W
89,Intel Core i5-13400F,B760M,32 GB (2 x 16 GB) DDR4-3000,RTX 4060,800 W
90,AMD Ryzen 5 5600X,B550,32 GB (2 x 16 GB) DDR4-3600,RTX 4060 Ti,750 W
91,AMD Ryzen 9 7900X,B650I,32 GB (2 x 16 GB) DDR5-6000,RTX 4080,850 W
92,AMD Ryzen 9 7900X,B650E-F,32 GB (2 x 16 GB) DDR5-6000,RTX 4090,1000 W
93,AMD Ryzen 9 7900X,B650,32 GB (2 x 16 GB) DDR5-6000,RTX 4070 Ti,850 W
94,Intel Core i5-13600KF,Z790,32 GB (2 x 16 GB) DDR5-6000,RTX 4070,650 W
95,AMD Ryzen 9 7900X,B650,64 GB (2 x 32 GB) DDR5-6600,RTX 4070,750 W
96,AMD Ryzen 7 7700X,B650-P,32 GB (2 x 16 GB) DDR5-6000,RTX 4070 Ti,750 W
97,AMD Ryzen 9 7900X,B650E-F,32 GB (2 x 16 GB) DDR5-7200,RTX 4070,850 W
98,AMD Ryzen 7 7700X,X670E-A,64 GB (2 x 32 GB) DDR5-6000,RTX 4080,1200 W
99,Intel Core i5-13400F,B760M-A,32 GB (2 x 16 GB) DDR4-3200,RTX 4060 Ti,650 W
100,AMD Ryzen 7 7700X,B650-PLUS,32 GB (2 x 16 GB) DDR5-6000,RTX 4090,1200 W
101,AMD Ryzen 5 5600X,B550M-E,32 GB (2 x 16 GB) DDR4-3600,RTX 4060,750 W
102,AMD Ryzen 5 5600X,B550I,32 GB (2 x 16 GB) DDR4-3600,RTX 4070,600 W
103,AMD Ryzen 7 7700X,B650-P,32 GB (2 x 16 GB) DDR5-6000,RTX 4070,750 W
104,Intel Core i5-13400F,B760,32 GB (2 x 16 GB) DDR5-5200,RTX 4060 Ti,750 W
105,Intel Core i5-13600KF,B760,32 GB (2 x 16 GB) DDR4-3200,RTX 4070,750 W
106,Intel Core i5-13400F,B760,32 GB (2 x 16 GB) DDR5-6000,RTX 4060,650 W
107,Intel Core i7-13700KF,Z790,32 GB (2 x 16 GB) DDR5-6000,RTX 4070 Ti,1000 W
108,AMD Ryzen 7 7700X,B650,32 GB (2 x 16 GB) DDR5-5600,RTX 4070,850 W
109,AMD Ryzen 7 7700X,B650,32 GB (2 x 16 GB) DDR5-6000,RTX 4070 Ti,850 W
110,Intel Core i5-13600KF,Z790-PLUS,32 GB (2 x 16 GB) DDR5-5600,RTX 4070,850 W
111,Intel Core i5-13600KF,B760-A,32 GB (2 x 16 GB) DDR5-6000,RTX 4060,750 W
112,AMD Ryzen 7 7700X,B650-P,32 GB (2 x 16 GB) DDR5-6000,RTX 4070,850 W
113,Intel Core i5-13400F,B760,32 GB (2 x 16 GB) DDR5-5600,RTX 4070,750 W
114,AMD Ryzen 7 7700X,B650-P,32 GB (2 x 16 GB) DDR5-6000,RTX 4070,750 W
115,AMD Ryzen 7 7700X,B650,32 GB (2 x 16 GB) DDR5-6000,RTX 4070,850 W
116,AMD Ryzen 7 7700X,B650,32 GB (2 x 16 GB) DDR5-6000,RTX 4070,850 W
117,AMD Ryzen 5 5600,B550,32 GB (2 x 16 GB) DDR4-3200,RTX 4060 Ti,650 W
118,AMD Ryzen 7 7700X,X670E,32 GB (2 x 16 GB) DDR5-6000,RTX 4070 Ti,850 W
119,Intel Core i5-13600KF,Z790,32 GB (2 x 16 GB) DDR5-6000,RTX 4060,850 W
120,AMD Ryzen 7 7700X,B650,32 GB (2 x 16 GB) DDR5-6000,RTX 4070,850 W
121,AMD Ryzen 9 7900X,B650,32 GB (2 x 16 GB) DDR5-5600,RTX 4070,750 W
122,AMD Ryzen 7 7700X,B650-A,32 GB (2 x 16 GB) DDR5-6000,RTX 4070,850 W
123,AMD Ryzen 9 7900X,B650-PLUS,32 GB (2 x 16 GB) DDR5-6200,RTX 4070 Ti,850 W
124,AMD Ryzen 9 7900X,X670E-E,32 GB (2 x 16 GB) DDR5-6200,RTX 4090,1000 W
125,AMD Ryzen 9 7900X,B650E-F,64 GB (2 x 32 GB) DDR5-6000,RTX 4060,750 W
126,AMD Ryzen 9 7900X,B650E-E,64 GB (2 x 32 GB) DDR5-6000,RTX 4060,1500 W
127,AMD Ryzen 9 7900X,B650-A,32 GB (2 x 16 GB) DDR5-6000,RTX 4070,850 W
128,AMD Ryzen 7 7700X,B650,32 GB (2 x 16 GB) DDR5-6000,RTX 4070 Ti,750 W
129,Intel Core i7-13700F,B760M,32 GB (2 x 16 GB) DDR5-5200,RTX 4060 Ti,650 W
130,AMD Ryzen 9 7950X,X670E-E,64 GB (2 x 32 GB) DDR5-6000,RTX 4090,1500 W
131,AMD Ryzen 7 7700X,B650,32 GB (2 x 16 GB) DDR5-6000,RTX 4070,850 W
132,Intel Core i5-13600KF,Z790,32 GB (2 x 16 GB) DDR5-6600,RTX 4080,850 W
133,Intel Core i5-13600KF,B760-I,32 GB (2 x 16 GB) DDR5-6400,RTX 4070,850 W
134,AMD Ryzen 9 7900X,X670E-E,32 GB (2 x 16 GB) DDR5-6400,RTX 4070 Ti,850 W
135,Intel Core i5-13400F,B760M,32 GB (2 x 16 GB) DDR4-3200,RTX 4060 Ti,750 W
136,Intel Core i7-13700KF,Z790-F,32 GB (2 x 16 GB) DDR5-6000,RTX 4070,750 W
137,AMD Ryzen 7 7700X,X670E,64 GB (2 x 32 GB) DDR5-6000,RTX 4090,1000 W
138,Intel Core i5-13400F,B760M,16 GB (2 x 8 GB) DDR5-6000,RTX 4060,700 W
139,AMD Ryzen 9 7900X,B650E-F,64 GB (2 x 32 GB) DDR5-6000,RTX 4060 Ti,1200 W
140,AMD Ryzen 7 7700X,B650E,32 GB (2 x 16 GB) DDR5-6000,RTX 4070 Ti,850 W
141,AMD Ryzen 7 7700X,X670E-PRO,32 GB (2 x 16 GB) DDR5-6000,RTX 4070 Ti,850 W
142,Intel Core i7-13700KF,Z790-PLUS,64 GB (2 x 32 GB) DDR5-5600,RTX 4060 Ti,850 W
143,Intel Core i5-13400F,B760-VC,16 GB (2 x 8 GB) DDR5-5200,RTX 4060,650 W
144,AMD Ryzen 7 7700X,X670E-PRO,32 GB (2 x 16 GB) DDR5-6000,RTX 4070 Ti,850 W
145,Intel Core i7-13700KF,Z790-A,64 GB (2 x 32 GB) DDR5-6000,RTX 4090,1200 W
146,Intel Core i5-13600KF,B760M-PLUS,32 GB (2 x 16 GB) DDR4-3600,RTX 4060 Ti,700 W
147,AMD Ryzen 5 5600X,B550-PLUS,16 GB (2 x 8 GB) DDR4-3200,RTX 4060 Ti,750 W
148,Intel Core i7-13700KF,Z790,32 GB (2 x 16 GB) DDR5-6000,RTX 4070 Ti,850 W
149,AMD Ryzen 9 7900X,B650M,64 GB (2 x 32 GB) DDR5-5600,RTX 4060 Ti,1000 W
150,Intel Core i7-13700KF,B760-A,32 GB (2 x 16 GB) DDR4-3600,RTX 4070,750 W
151,Intel Core i5-13600KF,Z790,32 GB (2 x 16 GB) DDR5-6000,RTX 4070,850 W
152,AMD Ryzen 5 5600X,B550M-A,32 GB (2 x 16 GB) DDR5-6000,RTX 4060,750 W
153,AMD Ryzen 5 5600X,B550M,16 GB (2 x 8 GB) DDR4-3200,RTX 4060,650 W
154,AMD Ryzen 9 7900X,B650M,32 GB (2 x 16 GB) DDR5-6000,RTX 4070 Ti,750 W
155,Intel Core i5-13600KF,Z690-PLUS,32 GB (2 x 16 GB) DDR5-6000,RTX 4070,750 W
156,AMD Ryzen 5 5600X,B550,32 GB (2 x 16 GB) DDR4-3600,RTX 4060,750 W
157,AMD Ryzen 7 7700X,X670,32 GB (2 x 16 GB) DDR5-6000,RTX 4070,850 W
158,AMD Ryzen 5 5600X,B550-PLUS,32 GB (4 x 8 GB) DDR4-3600,RTX 4060,750 W
159,AMD Ryzen 9 7950X,X670E-CREATOR,192 GB (4 x 48 GB) DDR5-5200,RTX 4090,1600 W
160,Intel Core i5-13400F,Z690-A,32 GB (2 x 16 GB) DDR4-3200,RTX 4060 Ti,850 W
161,AMD Ryzen 7 7700X,B650,32 GB (2 x 16 GB) DDR5-6000,RTX 4060,850 W
162,AMD Ryzen 7 7700X,B650,32 GB (2 x 16 GB) DDR5-6200,RTX 4070 Ti,850 W
163,AMD Ryzen 9 7900X,B650E-F,64 GB (2 x 32 GB) DDR5-6000,RTX 4090,850 W
164,AMD Ryzen 9 7900X,X670E-A,32 GB (2 x 16 GB) DDR5-6000,RTX 4070,850 W
165,AMD Ryzen 9 7900X,X670,32 GB (2 x 16 GB) DDR5-6000,RTX 4080,1000 W
166,Intel Core i5-13600KF,B760-CREATOR,32 GB (2 x 16 GB) DDR4-3200,RTX 4080,750 W
167,AMD Ryzen 5 5600,B550M,32 GB (2 x 16 GB) DDR4-3200,RTX 4060,650 W
168,Intel Core i7-13700KF,Z790M-ITX,64 GB (2 x 32 GB) DDR5-5200,RTX 4060 Ti,750 W
169,AMD Ryzen 9 7900X,B650M-A,32 GB (2 x 16 GB) DDR5-5600,RTX 4070,750 W
170,AMD Ryzen 5 5600,X570-PLUS,32 GB (2 x 16 GB) DDR4-3200,RTX 4070,850 W
171,AMD Ryzen 7 7700X,B650E-I,64 GB (2 x 32 GB) DDR5-5600,RTX 4070,750 W
172,AMD Ryzen 7 7700X,B650E-F,32 GB (2 x 16 GB) DDR5-6000,RTX 4070,750 W
173,AMD Ryzen 7 7700X,B650,32 GB (2 x 16 GB) DDR5-6400,RTX 4070 Ti,1000 W
174,Intel Core i7-13700KF,Z790-E,32 GB (2 x 16 GB) DDR5-6000,RTX 4060 Ti,750 W
175,Intel Core i5-13600KF,Z790,32 GB (2 x 16 GB) DDR5-6000,RTX 4070,850 W
176,Intel Core i5-13600KF,Z790-A,64 GB (2 x 32 GB) DDR5-6000,RTX 4070,1000 W
177,Intel Core i5-13600KF,B760I,32 GB (2 x 16 GB) DDR5-5200,RTX 4070 Ti,1000 W
178,AMD Ryzen 7 7700X,B650,32 GB (2 x 16 GB) DDR5-5600,RTX 4070,750 W
179,Intel Core i5-13600KF,Z690,32 GB (2 x 16 GB) DDR5-4800,RTX 4070,850 W
180,AMD Ryzen 9 7900X,B650E,32 GB (2 x 16 GB) DDR5-6000,RTX 4060 Ti,750 W
181,AMD Ryzen 5 5600X,B550,32 GB (2 x 16 GB) DDR4-4000,RTX 4070,750 W
182,Intel Core i5-13600KF,Z790,32 GB (2 x 16 GB) DDR5-6000,RTX 4070 Ti,850 W
183,AMD Ryzen 7 7700X,B650I,32 GB (2 x 16 GB) DDR5-6000,RTX 4070,750 W
184,AMD Ryzen 7 7700X,B650-PLUS,32 GB (2 x 16 GB) DDR5-6000,RTX 4070,850 W
185,Intel Core i5-13600KF,Z690,32 GB (2 x 16 GB) DDR5-6000,RTX 4060,650 W
186,AMD Ryzen 9 7950X,B650,64 GB (2 x 32 GB) DDR5-6000,RTX 4090,1000 W
187,AMD Ryzen 7 7700X,B650-P,32 GB (2 x 16 GB) DDR5-6000,RTX 4070,750 W
188,Intel Core i5-13400F,B760M,16 GB (2 x 8 GB) DDR5-6000,RTX 4070,700 W
189,Intel Core i5-13400F,B760M,16 GB (2 x 8 GB) DDR4-3200,RTX 4060,750 W
190,AMD Ryzen 5 5600X,B550M,32 GB (2 x 16 GB) DDR4-3600,RTX 4060,650 W
191,Intel Core i7-13700KF,Z790,16 GB (2 x 8 GB) DDR4-3600,RTX 4080,1000 W
192,AMD Ryzen 7 7700X,B650,32 GB (2 x 16 GB) DDR5-6000,RTX 4070,850 W
193,Intel Core i5-13600KF,B760M,32 GB (2 x 16 GB) DDR5-6000,RTX 4070,850 W
194,Intel Core i7-13700F,B760M,32 GB (2 x 16 GB) DDR5-6200,RTX 4090,1000 W
195,AMD Ryzen 9 7900X,B650-A,32 GB (2 x 16 GB) DDR5-6000,RTX 4070 Ti,750 W
196,AMD Ryzen 9 7950X,X670E-E,32 GB (2 x 16 GB) DDR5-6000,RTX 4090,1300 W
197,Intel Core i5-13400F,B760-A,32 GB (2 x 16 GB) DDR5-6000,RTX 4060,850 W
198,AMD Ryzen 7 7700X,B650,32 GB (2 x 16 GB) DDR5-6200,RTX 4070,850 W
199,Intel Core i5-13400F,Z790,32 GB (2 x 16 GB) DDR5-5200,RTX 4060,750 W
200,Intel Core i5-13600KF,B760M,32 GB (2 x 16 GB) DDR5-5600,RTX 4060,750 W
201,AMD Ryzen 7 7700X,B650M,32 GB (2 x 16 GB) DDR5-6000,RTX 4070,750 W
202,AMD Ryzen 7 7700X,B650-A,32 GB (2 x 16 GB) DDR5-6000,RTX 4070,850 W
203,Intel Core i7-13700KF,Z790-P,32 GB (2 x 16 GB) DDR5-5600,RTX 4090,1050 W
204,AMD Ryzen 9 7900X,B650,32 GB (2 x 16 GB) DDR5-6000,RTX 4080,850 W
205,AMD Ryzen 9 7950X,X670E,64 GB (2 x 32 GB) DDR5-6000,RTX 4090,1600 W
206,AMD Ryzen 5 5600X,B550,16 GB (2 x 8 GB) DDR4-3200,RTX 4060,500 W
207,AMD Ryzen 7 7700X,B650,32 GB (2 x 16 GB) DDR5-6000,RTX 4070 Ti,850 W
208,Intel Core i5-13600KF,Z790-P,32 GB (2 x 16 GB) DDR5-6000,RTX 4080,1000 W
209,Intel Core i5-13600KF,Z790-P,32 GB (2 x 16 GB) DDR4-3200,RTX 4070 Ti,750 W
210,Intel Core i7-13700KF,Z690,32 GB (2 x 16 GB) DDR4-3200,RTX 4080,750 W
211,Intel Core i5-13600KF,B760M,32 GB (2 x 16 GB) DDR4-3600,RTX 4070 Ti,750 W
212,AMD Ryzen 9 7950X,B650E-F,32 GB (2 x 16 GB) DDR5-6000,RTX 4070,1000 W
213,AMD Ryzen 7 7700X,X670E-A,32 GB (2 x 16 GB) DDR5-5600,RTX 4070,850 W
214,Intel Core i5-13600KF,B760-A,32 GB (2 x 16 GB) DDR4-3600,RTX 4060 Ti,850 W
215,AMD Ryzen 7 7700X,B650,32 GB (2 x 16 GB) DDR5-6000,RTX 4070 Ti,850 W
216,AMD Ryzen 7 7700X,B650-P,32 GB (2 x 16 GB) DDR5-6000,RTX 4070,750 W
217,AMD Ryzen 5 5600X,B550M-VC,32 GB (2 x 16 GB) DDR4-3200,RTX 4060,650 W
218,AMD Ryzen 7 7700X,B650E-E,64 GB (2 x 32 GB) DDR5-6400,RTX 4080,850 W
219,Intel Core i7-13700KF,Z790,32 GB (2 x 16 GB) DDR5-5600,RTX 4080,850 W
220,AMD Ryzen 7 7700X,B650,32 GB (2 x 16 GB) DDR5-6000,RTX 4080,1000 W
221,AMD Ryzen 9 7900X,B650,32 GB (2 x 16 GB) DDR5-5600,RTX 4070,650 W
222,AMD Ryzen 7 7700X,B650,32 GB (2 x 16 GB) DDR5-6000,RTX 4070,750 W
223,Intel Core i5-13600KF,Z790-P,32 GB (2 x 16 GB) DDR5-5600,RTX 4070,850 W
224,Intel Core i7-13700KF,Z690-A,32 GB (2 x 16 GB) DDR5-6000,RTX 4090,1200 W
225,AMD Ryzen 9 7950X,X670E-E,64 GB (2 x 32 GB) DDR5-6000,RTX 4090,1300 W
226,Intel Core i7-13700KF,Z790I,32 GB (2 x 16 GB) DDR5-6000,RTX 4070 Ti,750 W
227,AMD Ryzen 5 5600X,B450-F,32 GB (2 x 16 GB) DDR4-3200,RTX 4070,750 W
228,AMD Ryzen 7 7700X,B650M-PLUS,32 GB (2 x 16 GB) DDR5-6000,RTX 4070,750 W
229,Intel Core i7-13700KF,Z790,32 GB (2 x 16 GB) DDR5-6000,RTX 4090,1000 W
230,AMD Ryzen 9 7900X,X670E-E,32 GB (2 x 16 GB) DDR5-6000,RTX 4080,1000 W
231,Intel Core i7-13700KF,Z690,16 GB (2 x 8 GB) DDR4-4000,RTX 4090,1000 W
232,AMD Ryzen 9 7950X,X670E,32 GB (2 x 16 GB) DDR5-6000,RTX 4070 Ti,1000 W
233,AMD Ryzen 7 7700X,B650,32 GB (2 x 16 GB) DDR5-5600,RTX 4080,850 W
234,AMD Ryzen 5 5600,B550,32 GB (2 x 16 GB) DDR4-3200,RTX 4070 Ti,750 W
235,Intel Core i5-13600KF,Z790I,32 GB (2 x 16 GB) DDR5-6400,RTX 4090,1000 W
236,AMD Ryzen 7 7700X,B650E-F,32 GB (2 x 16 GB) DDR5-6000,RTX 4070 Ti,1000 W
237,AMD Ryzen 9 7950X,X670E-I,32 GB (2 x 16 GB) DDR5-6000,RTX 4090,750 W
238,AMD Ryzen 9 7900X,B650E-F,32 GB (2 x 16 GB) DDR5-6000,RTX 4060 Ti,750 W
239,Intel Core i7-13700KF,Z790-A,64 GB (2 x 32 GB) DDR4-3600,RTX 4090,1200 W
240,Intel Core i5-13600KF,Z790,32 GB (2 x 16 GB) DDR5-5600,RTX 4070 Ti,850 W
241,Intel Core i5-13600KF,B760-I,32 GB (2 x 16 GB) DDR5-5600,RTX 4070,850 W
242,Intel Core i7-13700KF,Z790,32 GB (2 x 16 GB) DDR5-6000,RTX 4070,1000 W
243,AMD Ryzen 9 7900X,X670E-A,64 GB (2 x 32 GB) DDR5-6400,RTX 4080,1000 W
244,Intel Core i5-13600KF,Z790I,32 GB (2 x 16 GB) DDR5-6000,RTX 4070,850 W
245,Intel Core i5-13600KF,Z790-P,32 GB (2 x 16 GB) DDR5-6400,RTX 4070,850 W
246,Intel Core i7-13700KF,Z690-A,64 GB (2 x 32 GB) DDR4-3200,RTX 4090,1000 W
247,AMD Ryzen 7 7700X,B650,64 GB (2 x 32 GB) DDR5-6400,RTX 4070 Ti,850 W
248,AMD Ryzen 9 7900X,X670E-CREATOR,32 GB (2 x 16 GB) DDR5-6000,RTX 4090,1000 W
249,AMD Ryzen 7 7700X,X670E,32 GB (2 x 16 GB) DDR5-6000,RTX 4070,850 W
250,AMD Ryzen 9 7900X,B650-P,32 GB (2 x 16 GB) DDR5-6200,RTX 4070,750 W
251,AMD Ryzen 7 7700X,B650M,32 GB (2 x 16 GB) DDR5-6000,RTX 4070,750 W
252,Intel Core i5-13600KF,Z790,32 GB (2 x 16 GB) DDR5-5600,RTX 4080,750 W
253,AMD Ryzen 9 7950X,X670E-E,32 GB (2 x 16 GB) DDR5-6000,RTX 4090,1500 W
254,AMD Ryzen 9 7900X,X670-P,32 GB (2 x 16 GB) DDR5-6000,RTX 4070 Ti,750 W
255,Intel Core i5-13400F,B760M,32 GB (2 x 16 GB) DDR5-6000,RTX 4060 Ti,650 W
256,AMD Ryzen 9 7950X,B650-A,32 GB (2 x 16 GB) DDR5-6000,RTX 4070,850 W
257,AMD Ryzen 7 7700X,B650M-PLUS,32 GB (2 x 16 GB) DDR5-5200,RTX 4070 Ti,850 W
258,AMD Ryzen 7 7700X,B650-P,32 GB (2 x 16 GB) DDR5-6000,RTX 4070,750 W
259,Intel Core i5-13600KF,B760-I,32 GB (2 x 16 GB) DDR5-5600,RTX 4070 Ti,750 W
260,AMD Ryzen 9 7900X,X670-P,32 GB (2 x 16 GB) DDR5-6000,RTX 4070 Ti,750 W
261,AMD Ryzen 7 7700X,B650E-E,32 GB (2 x 16 GB) DDR5-6000,RTX 4070,750 W
262,AMD Ryzen 5 5600X,B550M-VC,16 GB (2 x 8 GB) DDR4-3600,RTX 4060 Ti,600 W
263,Intel Core i9-12900KF,Z690-PLUS,32 GB (2 x 16 GB) DDR5-5600,RTX 4060 Ti,750 W
264,AMD Ryzen 9 7950X,B650E-F,96 GB (2 x 48 GB) DDR5-5200,RTX 4090,1000 W
265,Intel Core i7-13700KF,Z790,64 GB (2 x 32 GB) DDR5-5600,RTX 4080,1000 W
266,AMD Ryzen 7 7700X,B650E,32 GB (2 x 16 GB) DDR5-6000,RTX 4070,850 W
267,AMD Ryzen 9 7900X,B650,32 GB (2 x 16 GB) DDR5-6000,RTX 4090,1000 W
268,Intel Core i5-13600KF,B760-I,32 GB (2 x 16 GB) DDR5-5600,RTX 4070,850 W
269,Intel Core i7-13700KF,B760M,32 GB (2 x 16 GB) DDR5-6000,RTX 4070,750 W
270,Intel Core i7-13700KF,Z790-E,64 GB (2 x 32 GB) DDR5-6400,RTX 4080,850 W
271,Intel Core i5-13600KF,Z790-H,32 GB (2 x 16 GB) DDR5-6000,RTX 4070,850 W
272,Intel Core i5-13600KF,Z790-CREATOR,32 GB (2 x 16 GB) DDR5-6000,RTX 4070,850 W
273,Intel Core i5-13600KF,Z690,32 GB (2 x 16 GB) DDR5-6000,RTX 4070,750 W
274,AMD Ryzen 7 7700X,B650M,32 GB (2 x 16 GB) DDR5-6000,RTX 4070,850 W
275,AMD Ryzen 9 7900X,X670E,32 GB (2 x 16 GB) DDR5-7200,RTX 4070,1200 W
276,AMD Ryzen 9 7900X,B650,32 GB (2 x 16 GB) DDR5-6000,RTX 4070 Ti,850 W
277,Intel Core i7-13700KF,Z690,32 GB (2 x 16 GB) DDR5-5600,RTX 4070 Ti,850 W
278,Intel Core i5-13600KF,Z790M-ITX,32 GB (2 x 16 GB) DDR5-6800,RTX 4090,1000 W
279,Intel Core i5-13600KF,Z790,32 GB (2 x 16 GB) DDR5-6000,RTX 4070 Ti,850 W
280,AMD Ryzen 7 7700X,B650,32 GB (2 x 16 GB) DDR5-5600,RTX 4070 Ti,750 W
281,AMD Ryzen 7 7700X,B650I,32 GB (2 x 16 GB) DDR5-6000,RTX 4090,1000 W
282,Intel Core i5-13600KF,B760-I,64 GB (2 x 32 GB) DDR5-5600,RTX 4070 Ti,850 W
283,AMD Ryzen 7 7700X,B650-P,32 GB (2 x 16 GB) DDR5-6000,RTX 4070,750 W
284,AMD Ryzen 7 7700X,X670E-E,32 GB (2 x 16 GB) DDR5-6000,RTX 4070,850 W
285,AMD Ryzen 9 7950X,X670E,32 GB (2 x 16 GB) DDR5-6000,RTX 4080,1200 W
286,Intel Core i7-13700KF,Z790,32 GB (2 x 16 GB) DDR5-6000,RTX 4070 Ti,850 W
287,AMD Ryzen 7 7700X,X670E-E,64 GB (2 x 32 GB) DDR5-5600,RTX 4080,850 W
288,Intel Core i5-13600KF,Z690-A,32 GB (2 x 16 GB) DDR5-5600,RTX 4070,1000 W
289,Intel Core i5-13600KF,B760-I,32 GB (2 x 16 GB) DDR5-6000,RTX 4070 Ti,750 W
290,AMD Ryzen 9 7900X,X670,64 GB (2 x 32 GB) DDR5-5600,RTX 4080,1600 W
291,AMD Ryzen 9 7900X,B650I,32 GB (2 x 16 GB) DDR5-6000,RTX 4070 Ti,750 W
292,AMD Ryzen 9 7900X,B650E-F,64 GB (2 x 32 GB) DDR5-6000,RTX 4080,850 W
293,Intel Core i5-13400F,B760I,32 GB (2 x 16 GB) DDR5-6000,RTX 4070,750 W
294,AMD Ryzen 9 7900X,B650E-F,32 GB (2 x 16 GB) DDR5-6000,RTX 4070 Ti,1000 W
295,AMD Ryzen 9 7900X,X670E-PRO,64 GB (4 x 16 GB) DDR5-5600,RTX 4090,1000 W
296,AMD Ryzen 7 7700X,B650,32 GB (2 x 16 GB) DDR5-6000,RTX 4070,850 W
297,AMD Ryzen 7 7700X,B650-P,32 GB (2 x 16 GB) DDR5-6000,RTX 4070 Ti,850 W
298,AMD Ryzen 7 7700X,B650,32 GB (2 x 16 GB) DDR5-5600,RTX 4070,850 W
299,Intel Core i5-13600KF,B760,32 GB (2 x 16 GB) DDR5-6000,RTX 4070 Ti,850 W
300,AMD Ryzen 7 7700X,B650-P,32 GB (2 x 16 GB) DDR5-6000,RTX 4070 Ti,1000 W
301,AMD Ryzen 9 7900X,B650-A,32 GB (2 x 16 GB) DDR5-6000,RTX 4070,850 W
302,AMD Ryzen 7 7700X,B650M,32 GB (2 x 16 GB) DDR5-5600,RTX 4080,750 W
303,Intel Core i5-13600KF,Z790-H,32 GB (2 x 16 GB) DDR5-5600,RTX 4070 Ti,850 W
304,AMD Ryzen 9 7950X,B650,32 GB (2 x 16 GB) DDR5-6600,RTX 4080,850 W
305,AMD Ryzen 9 7950X,X670E-A,64 GB (2 x 32 GB) DDR5-6400,RTX 4090,1000 W
306,AMD Ryzen 5 5600X,B550,16 GB (2 x 8 GB) DDR4-3200,RTX 4070,750 W
307,AMD Ryzen 7 7700X,B650E-E,64 GB (2 x 32 GB) DDR5-6000,RTX 4080,850 W
308,AMD Ryzen 9 7900X,X670E,32 GB (2 x 16 GB) DDR5-6000,RTX 4070,750 W
309,Intel Core i7-13700KF,Z790,32 GB (2 x 16 GB) DDR5-6400,RTX 4090,1000 W
310,AMD Ryzen 7 7700X,B650,32 GB (2 x 16 GB) DDR5-6000,RTX 4070,850 W
311,Intel Core i7-13700KF,Z790,64 GB (4 x 16 GB) DDR5-5600,RTX 4090,1000 W
312,Intel Core i7-13700KF,Z790-H,32 GB (2 x 16 GB) DDR5-7600,RTX 4080,1000 W
313,Intel Core i9-12900KF,Z690-P,32 GB (2 x 16 GB) DDR5-5200,RTX 4070 Ti,850 W
314,Intel Core i7-13700KF,Z790,32 GB (2 x 16 GB) DDR5-6000,RTX 4070 Ti,850 W
315,AMD Ryzen 9 7900X,X670E,64 GB (2 x 32 GB) DDR5-5200,RTX 4070 Ti,1000 W
316,Intel Core i5-13600KF,B760M-PLUS,64 GB (2 x 32 GB) DDR4-3200,RTX 4060 Ti,850 W
317,Intel Core i5-13600KF,Z790-P,32 GB (2 x 16 GB) DDR5-6000,RTX 4070 Ti,650 W
318,AMD Ryzen 7 7700X,B650-A,32 GB (2 x 16 GB) DDR5-6000,RTX 4070,850 W
319,AMD Ryzen 7 7700X,B650,32 GB (2 x 16 GB) DDR5-6000,RTX 4070 Ti,750 W
320,AMD Ryzen 9 7950X,B650,64 GB (2 x 32 GB) DDR5-5600,RTX 4090,750 W
321,AMD Ryzen 7 7700X,B650-P,32 GB (2 x 16 GB) DDR5-6000,RTX 4080,850 W
322,AMD Ryzen 9 7900X,X670-P,32 GB (2 x 16 GB) DDR5-6000,RTX 4090,1000 W
323,AMD Ryzen 7 7700X,B650,64 GB (2 x 32 GB) DDR5-6400,RTX 4080,850 W
324,Intel Core i7-13700KF,Z790-A,32 GB (2 x 16 GB) DDR5-6400,RTX 4070 Ti,850 W
325,Intel Core i7-13700KF,Z690-P,64 GB (2 x 32 GB) DDR5-6400,RTX 4080,1000 W
326,Intel Core i5-13600KF,Z790,32 GB (2 x 16 GB) DDR4-3600,RTX 4070 Ti,850 W
327,AMD Ryzen 7 7700X,B650-A,32 GB (2 x 16 GB) DDR5-6000,RTX 4070,1000 W
328,Intel Core i5-13600KF,Z690,32 GB (2 x 16 GB) DDR4-3600,RTX 4070 Ti,750 W
329,Intel Core i5-13600KF,Z790I,32 GB (2 x 16 GB) DDR5-6400,RTX 4060 Ti,850 W
330,Intel Core i7-13700KF,Z790,32 GB (2 x 16 GB) DDR5-5600,RTX 4080,1000 W
331,AMD Ryzen 7 7700X,B650I,32 GB (2 x 16 GB) DDR5-5600,RTX 4070 Ti,750 W
332,Intel Core i7-13700F,B760,32 GB (2 x 16 GB) DDR5-5600,RTX 4080,850 W
333,Intel Core i5-13600KF,Z790,32 GB (2 x 16 GB) DDR5-6000,RTX 4070,750 W
334,Intel Core i7-13700KF,B760,32 GB (2 x 16 GB) DDR5-5200,RTX 4070,850 W
335,AMD Ryzen 9 7900X,X670E-CREATOR,32 GB (2 x 16 GB) DDR5-6000,RTX 4080,1000 W
336,Intel Core i7-13700KF,Z790-P,32 GB (2 x 16 GB) DDR5-6000,RTX 4080,1000 W
337,AMD Ryzen 7 7700X,X670E-PLUS,32 GB (2 x 16 GB) DDR5-5600,RTX 4070 Ti,850 W
338,AMD Ryzen 7 7700X,B650M,32 GB (2 x 16 GB) DDR5-6000,RTX 4070 Ti,750 W
339,Intel Core i5-13600KF,Z790,64 GB (2 x 32 GB) DDR5-6000,RTX 4090,1200 W
340,AMD Ryzen 7 7700X,B650M-A,32 GB (2 x 16 GB) DDR5-6000,RTX 4070 Ti,750 W
341,AMD Ryzen 9 7900X,B650,32 GB (2 x 16 GB) DDR5-6400,RTX 4070 Ti,750 W
342,AMD Ryzen 7 7700X,B650-P,32 GB (2 x 16 GB) DDR5-6000,RTX 4080,850 W
343,Intel Core i7-13700KF,Z790,32 GB (2 x 16 GB) DDR5-6400,RTX 4090,1000 W
344,Intel Core i7-13700KF,Z790,32 GB (2 x 16 GB) DDR5-6400,RTX 4090,1000 W
345,AMD Ryzen 9 7950X,B650M,64 GB (2 x 32 GB) DDR5-6000,RTX 4090,850 W
346,AMD Ryzen 7 7700X,X670E,32 GB (2 x 16 GB) DDR5-5600,RTX 4070,750 W
347,AMD Ryzen 9 7950X,X670E-CREATOR,64 GB (2 x 32 GB) DDR5-6000,RTX 4090,1600 W
348,AMD Ryzen 5 5600X,B550,16 GB (2 x 8 GB) DDR4-3600,RTX 4060 Ti,650 W
349,Intel Core i7-13700KF,Z790-PLUS,32 GB (2 x 16 GB) DDR5-6000,RTX 4080,1000 W
350,AMD Ryzen 7 7700X,B650,32 GB (2 x 16 GB) DDR5-6000,RTX 4080,1000 W
351,AMD Ryzen 9 7900X,B650,32 GB (2 x 16 GB) DDR5-6000,RTX 4070,1200 W
352,Intel Core i5-13600KF,B760-A,32 GB (2 x 16 GB) DDR4-4000,RTX 4070,850 W
353,AMD Ryzen 7 7700X,B650,32 GB (2 x 16 GB) DDR5-6000,RTX 4070 Ti,850 W
354,AMD Ryzen 9 7900X,X670E,64 GB (4 x 16 GB) DDR5-5600,RTX 4070 Ti,850 W
355,Intel Core i7-13700F,B760M,16 GB (1 x 16 GB) DDR4-3200,RTX 4070,750 W
356,AMD Ryzen 7 7700X,B650M,32 GB (2 x 16 GB) DDR5-6000,RTX 4070,1000 W
357,AMD Ryzen 7 7700X,B650-A,32 GB (1 x 32 GB) DDR5-6000,RTX 4070,750 W
358,AMD Ryzen 9 7950X,X670E-PRO,64 GB (2 x 32 GB) DDR5-6000,RTX 4070,850 W
359,AMD Ryzen 7 7700X,B650M,32 GB (2 x 16 GB) DDR5-6000,RTX 4080,750 W
360,AMD Ryzen 7 7700X,B650E-F,32 GB (2 x 16 GB) DDR5-6000,RTX 4070 Ti,850 W
361,Intel Core i5-13600KF,B760M,32 GB (2 x 16 GB) DDR5-6000,RTX 4070,750 W
362,Intel Core i5-13400F,B760-P,32 GB (2 x 16 GB) DDR4-3200,RTX 4060,750 W
363,AMD Ryzen 9 7950X,X670E,32 GB (2 x 16 GB) DDR5-6200,RTX 4070 Ti,850 W
364,AMD Ryzen 9 7950X,B650M,64 GB (2 x 32 GB) DDR5-6400,RTX 4070,850 W
365,AMD Ryzen 9 7950X,X670E,64 GB (2 x 32 GB) DDR5-6000,RTX 4090,1000 W
366,AMD Ryzen 9 7900X,X670E-E,64 GB (2 x 32 GB) DDR5-6000,RTX 4090,1000 W
367,AMD Ryzen 9 7950X,X670E,64 GB (2 x 32 GB) DDR5-6000,RTX 4090,1300 W
368,AMD Ryzen 7 7700X,B650I,64 GB (2 x 32 GB) DDR5-5600,RTX 4070,750 W
369,Intel Core i5-13400F,B760I,32 GB (2 x 16 GB) DDR4-3600,RTX 4070,750 W
370,AMD Ryzen 9 7900X,X670-P,32 GB (2 x 16 GB) DDR5-6000,RTX 4090,1200 W
371,AMD Ryzen 5 5600,B550M,32 GB (2 x 16 GB) DDR4-3600,RTX 4070,850 W
372,Intel Core i7-13700KF,Z790,32 GB (2 x 16 GB) DDR5-6000,RTX 4070 Ti,750 W
373,Intel Core i5-13600KF,Z790,32 GB (2 x 16 GB) DDR5-6000,RTX 4070,750 W
374,AMD Ryzen 5 5600X,X570S,32 GB (2 x 16 GB) DDR4-3600,RTX 4060 Ti,750 W
375,AMD Ryzen 7 7700X,B650I,64 GB (2 x 32 GB) DDR5-5600,RTX 4080,750 W
376,AMD Ryzen 5 5600X,X570-PLUS,32 GB (2 x 16 GB) DDR4-3600,RTX 4070 Ti,850 W
377,Intel Core i7-13700KF,B760M-PLUS,32 GB (2 x 16 GB) DDR5-6400,RTX 4070 Ti,850 W
378,AMD Ryzen 9 7900X,B650E-I,64 GB (2 x 32 GB) DDR5-6000,RTX 4090,1000 W
379,AMD Ryzen 7 7700X,B650E-F,16 GB (2 x 8 GB) DDR5-5200,RTX 4070 Ti,750 W
380,Intel Core i5-13600KF,Z790,32 GB (2 x 16 GB) DDR5-6000,RTX 4070,1000 W
381,AMD Ryzen 9 7900X,X670E,64 GB (2 x 32 GB) DDR5-6000,RTX 4090,1000 W
382,AMD Ryzen 9 7950X,X670E,32 GB (2 x 16 GB) DDR5-6000,RTX 4080,850 W
383,Intel Core i5-13600KF,B760M,32 GB (2 x 16 GB) DDR5-6000,RTX 4070 Ti,750 W
384,AMD Ryzen 9 7900X,B650-A,32 GB (2 x 16 GB) DDR5-5200,RTX 4070 Ti,850 W
385,AMD Ryzen 9 7900X,B650E-F,32 GB (2 x 16 GB) DDR5-6000,RTX 4080,1000 W
386,AMD Ryzen 7 7700X,B650,32 GB (2 x 16 GB) DDR5-5200,RTX 4070,850 W
387,Intel Core i7-13700KF,Z690,64 GB (2 x 32 GB) DDR5-6000,RTX 4070,850 W
388,AMD Ryzen 9 7950X,X670E-I,32 GB (2 x 16 GB) DDR5-5600,RTX 4090,750 W
389,AMD Ryzen 9 7900X,X670E-PLUS,32 GB (2 x 16 GB) DDR5-6000,RTX 4070 Ti,1000 W
390,Intel Core i5-13600KF,Z790-A,32 GB (2 x 16 GB) DDR5-6000,RTX 4070,850 W
391,Intel Core i7-13700F,B760-PLUS,32 GB (2 x 16 GB) DDR4-3600,RTX 4070 Ti,850 W
392,AMD Ryzen 9 7900X,X670E,32 GB (2 x 16 GB) DDR5-7200,RTX 4080,1200 W
393,AMD Ryzen 9 7950X,X670E,32 GB (2 x 16 GB) DDR5-5600,RTX 4090,1200 W
394,AMD Ryzen 5 5600X,B550,32 GB (2 x 16 GB) DDR4-3600,RTX 4070,750 W
395,AMD Ryzen 7 7700X,B650,32 GB (2 x 16 GB) DDR5-6000,RTX 4070,850 W
396,AMD Ryzen 7 7700X,X670,32 GB (2 x 16 GB) DDR5-6000,RTX 4070,1000 W
397,AMD Ryzen 9 7900X,B650E-F,32 GB (2 x 16 GB) DDR5-6000,RTX 4070 Ti,1000 W
398,AMD Ryzen 9 7900X,B650,32 GB (2 x 16 GB) DDR5-6000,RTX 4070,850 W
399,AMD Ryzen 9 7950X,X670E-E,64 GB (2 x 32 GB) DDR5-6000,RTX 4090,1000 W
400,AMD Ryzen 7 7700X,B650M,32 GB (2 x 16 GB) DDR5-5600,RTX 4080,850 W
401,AMD Ryzen 9 7950X,X670E,32 GB (2 x 16 GB) DDR5-6000,RTX 4080,1000 W
402,AMD Ryzen 7 7700X,B650-A,32 GB (2 x 16 GB) DDR5-6000,RTX 4070 Ti,850 W
403,AMD Ryzen 5 5600X,B550-F,32 GB (2 x 16 GB) DDR4-3600,RTX 4070,750 W
404,Intel Core i7-13700KF,Z790-A,32 GB (2 x 16 GB) DDR5-6000,RTX 4080,850 W
405,Intel Core i5-13600KF,Z790-P,32 GB (2 x 16 GB) DDR4-3600,RTX 4070 Ti,850 W
406,AMD Ryzen 5 5600X,B550,32 GB (2 x 16 GB) DDR4-3600,RTX 4060 Ti,750 W
407,AMD Ryzen 9 7900X,B650E-F,32 GB (2 x 16 GB) DDR5-6000,RTX 4070,850 W
408,Intel Core i5-13600KF,B760-I,32 GB (2 x 16 GB) DDR5-6400,RTX 4080,850 W
409,AMD Ryzen 5 5600,B550M,16 GB (2 x 8 GB) DDR4-3600,RTX 4070,650 W
410,Intel Core i5-13600KF,Z690,32 GB (4 x 8 GB) DDR4-3600,RTX 4070 Ti,750 W
411,Intel Core i7-13700KF,Z690-A,32 GB (4 x 8 GB) DDR4-3600,RTX 4080,1000 W
412,AMD Ryzen 9 7900X,B650E,32 GB (2 x 16 GB) DDR5-5200,RTX 4070,750 W
413,AMD Ryzen 9 7900X,B650M,32 GB (2 x 16 GB) DDR5-6000,RTX 4070 Ti,850 W
414,Intel Core i5-13600KF,Z790,32 GB (2 x 16 GB) DDR5-6000,RTX 4080,850 W
415,AMD Ryzen 9 7950X,X670E,64 GB (2 x 32 GB) DDR5-6000,RTX 4080,1000 W
416,AMD Ryzen 9 7950X,X670E,32 GB (2 x 16 GB) DDR5-6000,RTX 4090,1300 W
417,AMD Ryzen 9 7900X,X670E-F,32 GB (2 x 16 GB) DDR5-6000,RTX 4080,1000 W
418,Intel Core i5-13600KF,Z690-P,16 GB (2 x 8 GB) DDR4-3600,RTX 4070 Ti,850 W
419,AMD Ryzen 9 7900X,B650E,32 GB (2 x 16 GB) DDR5-7200,RTX 4070,850 W
420,AMD Ryzen 5 5600X,B550M,32 GB (2 x 16 GB) DDR4-3600,RTX 4060 Ti,750 W
421,AMD Ryzen 9 7950X,B650E-I,32 GB (2 x 16 GB) DDR5-6000,RTX 4090,750 W
422,AMD Ryzen 9 7950X,X670E,32 GB (2 x 16 GB) DDR5-6400,RTX 4090,1000 W
423,AMD Ryzen 7 7700X,B650,32 GB (2 x 16 GB) DDR5-6000,RTX 4070,850 W
424,AMD Ryzen 9 7950X,X670E-CREATOR,64 GB (2 x 32 GB) DDR5-6000,RTX 4090,1000 W
425,AMD Ryzen 9 7950X,X670E-PRO,32 GB (2 x 16 GB) DDR5-6000,RTX 4090,1000 W
426,AMD Ryzen 9 7900X,X670E,32 GB (2 x 16 GB) DDR5-6000,RTX 4080,1000 W
427,Intel Core i7-13700KF,Z790-A,32 GB (2 x 16 GB) DDR5-7200,RTX 4080,1000 W
428,AMD Ryzen 9 7900X,B650E-F,32 GB (2 x 16 GB) DDR5-6000,RTX 4080,850 W
429,AMD Ryzen 9 7950X,X670E-E,32 GB (2 x 16 GB) DDR5-6000,RTX 4090,1000 W
430,AMD Ryzen 9 7900X,X670E-A,32 GB (2 x 16 GB) DDR5-6200,RTX 4080,1000 W
431,Intel Core i7-13700KF,Z790,32 GB (2 x 16 GB) DDR5-6400,RTX 4080,850 W
432,AMD Ryzen 9 7950X,X670E-E,32 GB (2 x 16 GB) DDR5-6000,RTX 4090,1000 W
433,AMD Ryzen 9 7950X,X670E-PLUS,32 GB (2 x 16 GB) DDR5-5600,RTX 4090,850 W
434,AMD Ryzen 9 7900X,X670,32 GB (2 x 16 GB) DDR5-6000,RTX 4090,1000 W
435,Intel Core i7-13700KF,Z790-I,32 GB (2 x 16 GB) DDR5-7600,RTX 4090,1000 W
436,Intel Core i5-13600KF,Z790,32 GB (2 x 16 GB) DDR5-6400,RTX 4070,750 W
437,Intel Core i5-13600KF,Z690,32 GB (2 x 16 GB) DDR5-4800,RTX 4070,850 W
438,Intel Core i5-13600KF,B760M,32 GB (2 x 16 GB) DDR4-3600,RTX 4070 Ti,850 W
439,Intel Core i5-13600KF,Z790,32 GB (2 x 16 GB) DDR5-6000,RTX 4070 Ti,850 W
440,AMD Ryzen 9 7900X,X670-P,32 GB (2 x 16 GB) DDR5-6000,RTX 4080,1000 W
441,AMD Ryzen 5 5600X,X570-PRO,32 GB (2 x 16 GB) DDR4-3600,RTX 4080,850 W
442,AMD Ryzen 9 7950X,X670E,32 GB (2 x 16 GB) DDR5-6400,RTX 4090,1000 W
443,AMD Ryzen 9 7900X,B650,32 GB (2 x 16 GB) DDR5-6000,RTX 4070 Ti,850 W
444,Intel Core i7-13700KF,Z790-A,32 GB (2 x 16 GB) DDR5-6000,RTX 4070 Ti,1000 W
445,AMD Ryzen 9 7900X,B650-P,32 GB (2 x 16 GB) DDR5-5600,RTX 4070 Ti,850 W
446,AMD Ryzen 9 7950X,X670E,32 GB (2 x 16 GB) DDR5-6000,RTX 4090,1200 W
447,Intel Core i7-13700KF,Z790,64 GB (2 x 32 GB) DDR5-5200,RTX 4080,850 W
448,Intel Core i7-13700KF,Z790-A,32 GB (2 x 16 GB) DDR5-6400,RTX 4080,850 W
449,AMD Ryzen 7 7700X,B650-P,32 GB (2 x 16 GB) DDR5-6000,RTX 4080,850 W
450,AMD Ryzen 9 7950X,X670E,64 GB (2 x 32 GB) DDR5-6400,RTX 4090,1600 W
451,Intel Core i5-13600KF,B760-A,32 GB (4 x 8 GB) DDR4-3600,RTX 4070,850 W
452,Intel Core i5-13600KF,Z790-P,32 GB (2 x 16 GB) DDR5-6000,RTX 4080,850 W
453,AMD Ryzen 9 7900X,X670E-CREATOR,32 GB (2 x 16 GB) DDR5-6000,RTX 4090,1000 W
454,AMD Ryzen 7 7700X,B650E,32 GB (2 x 16 GB) DDR5-6400,RTX 4080,850 W
455,AMD Ryzen 9 7950X,X670E-A,32 GB (2 x 16 GB) DDR5-6200,RTX 4070 Ti,750 W
456,AMD Ryzen 5 5600,B550I,32 GB (2 x 16 GB) DDR4-3000,RTX 4070,750 W
457,Intel Core i7-13700KF,Z790-F,64 GB (2 x 32 GB) DDR5-6000,RTX 4090,1000 W
458,AMD Ryzen 7 7700X,X670E-PRO,32 GB (2 x 16 GB) DDR5-5200,RTX 4070,1000 W
459,Intel Core i5-13600KF,Z790,32 GB (2 x 16 GB) DDR5-6000,RTX 4080,1000 W
460,AMD Ryzen 7 7700X,B650-P,32 GB (2 x 16 GB) DDR5-6000,RTX 4070 Ti,750 W
461,AMD Ryzen 9 7900X,B650E-E,32 GB (2 x 16 GB) DDR5-6000,RTX 4080,1200 W
462,AMD Ryzen 7 7700X,B650-PLUS,32 GB (2 x 16 GB) DDR5-6000,RTX 4070,850 W
463,Intel Core i5-13600KF,Z790,32 GB (2 x 16 GB) DDR5-5600,RTX 4070 Ti,750 W
464,AMD Ryzen 9 7950X,X670E-I,64 GB (2 x 32 GB) DDR5-5600,RTX 4070 Ti,850 W
465,AMD Ryzen 5 5600X,X570S,16 GB (2 x 8 GB) DDR4-3600,RTX 4070 Ti,1000 W
466,Intel Core i7-13700KF,Z790,32 GB (2 x 16 GB) DDR5-6000,RTX 4080,850 W
467,Intel Core i7-13700KF,Z790-A,32 GB (2 x 16 GB) DDR5-6400,RTX 4070 Ti,850 W
468,AMD Ryzen 7 7700X,B650-P,32 GB (2 x 16 GB) DDR5-6000,RTX 4070 Ti,850 W
469,AMD Ryzen 9 7900X,X670E-PRO,32 GB (2 x 16 GB) DDR5-6200,RTX 4090,1000 W
470,AMD Ryzen 5 5600X,B550I,32 GB (2 x 16 GB) DDR4-3600,RTX 4070,750 W
471,Intel Core i5-13600KF,B760-I,32 GB (2 x 16 GB) DDR5-6000,RTX 4090,1000 W
472,Intel Core i9-12900KF,Z690,64 GB (4 x 16 GB) DDR5-5600,RTX 4080,1000 W
473,AMD Ryzen 9 7950X,X670E-A,32 GB (2 x 16 GB) DDR5-5600,RTX 4090,1500 W
474,Intel Core i7-13700KF,Z790-A,32 GB (2 x 16 GB) DDR5-5600,RTX 4080,850 W
475,AMD Ryzen 7 7700X,B650E-F,32 GB (2 x 16 GB) DDR5-6000,RTX 4070 Ti,850 W
476,AMD Ryzen 7 7700X,B650-PLUS,32 GB (2 x 16 GB) DDR5-6000,RTX 4070 Ti,850 W
477,AMD Ryzen 9 7900X,X670E-CREATOR,64 GB (2 x 32 GB) DDR5-6000,RTX 4070 Ti,1300 W
478,AMD Ryzen 9 7900X,B650E-F,32 GB (2 x 16 GB) DDR5-6000,RTX 4070 Ti,1200 W
479,AMD Ryzen 7 7700X,B650E-F,32 GB (2 x 16 GB) DDR5-6000,RTX 4070,750 W
480,AMD Ryzen 9 7950X,B650I,64 GB (2 x 32 GB) DDR5-5200,RTX 4090,850 W
481,AMD Ryzen 9 7950X,B650,32 GB (2 x 16 GB) DDR5-5600,RTX 4080,1000 W
482,Intel Core i7-13700KF,Z790-PLUS,32 GB (2 x 16 GB) DDR5-6000,RTX 4080,850 W
483,AMD Ryzen 5 5600X,B550-F,32 GB (4 x 8 GB) DDR4-3600,RTX 4070 Ti,750 W
484,Intel Core i5-13600KF,Z790,32 GB (2 x 16 GB) DDR5-6000,RTX 4070 Ti,850 W
485,AMD Ryzen 9 7900X,B650E-F,32 GB (2 x 16 GB) DDR5-6000,RTX 4080,850 W
486,AMD Ryzen 9 7950X,X670E,32 GB (2 x 16 GB) DDR5-6000,RTX 4090,1200 W
487,Intel Core i7-13700KF,Z790,32 GB (2 x 16 GB) DDR5-6000,RTX 4080,850 W
488,AMD Ryzen 9 7900X,X670E,32 GB (2 x 16 GB) DDR5-5600,RTX 4080,850 W
489,AMD Ryzen 9 7900X,B650E-E,32 GB (2 x 16 GB) DDR5-5600,RTX 4090,850 W
490,AMD Ryzen 9 7900X,B650E-E,32 GB (2 x 16 GB) DDR5-6000,RTX 4070 Ti,850 W
491,Intel Core i5-13600KF,Z790,32 GB (2 x 16 GB) DDR5-6000,RTX 4080,850 W
492,AMD Ryzen 9 7900X,B650,32 GB (2 x 16 GB) DDR5-5600,RTX 4080,850 W
493,AMD Ryzen 7 7700X,B650-A,32 GB (2 x 16 GB) DDR5-6000,RTX 4070 Ti,850 W
494,AMD Ryzen 7 7700X,X670E,32 GB (2 x 16 GB) DDR5-5600,RTX 4090,850 W
495,Intel Core i5-13600KF,B760-I,32 GB (2 x 16 GB) DDR5-5600,RTX 4070 Ti,750 W
496,AMD Ryzen 9 7900X,B650,32 GB (2 x 16 GB) DDR5-6000,RTX 4070 Ti,850 W
497,AMD Ryzen 9 7900X,X670E,32 GB (2 x 16 GB) DDR5-6000,RTX 4070 Ti,1200 W
498,Intel Core i7-13700KF,Z790-A,32 GB (2 x 16 GB) DDR5-6800,RTX 4090,1000 W
499,AMD Ryzen 9 7950X,X670E-F,64 GB (2 x 32 GB) DDR5-5200,RTX 4080,850 W
500,AMD Ryzen 7 7700X,B650E-I,32 GB (2 x 16 GB) DDR5-6200,RTX 4090,1000 W
501,AMD Ryzen 9 7900X,B650,64 GB (2 x 32 GB) DDR5-6000,RTX 4080,1000 W
502,AMD Ryzen 7 7700X,B650E-I,32 GB (2 x 16 GB) DDR5-6000,RTX 4090,750 W
503,AMD Ryzen 7 7700X,B650E-I,32 GB (2 x 16 GB) DDR5-6000,RTX 4070 Ti,750 W
504,Intel Core i7-13700KF,B760-I,64 GB (2 x 32 GB) DDR5-6400,RTX 4080,750 W
505,Intel Core i7-13700KF,Z790-PLUS,64 GB (2 x 32 GB) DDR4-3600,RTX 4080,1000 W
506,AMD Ryzen 9 7950X,X670,32 GB (2 x 16 GB) DDR5-6000,RTX 4090,1000 W
507,AMD Ryzen 7 7700X,X670E-E,32 GB (2 x 16 GB) DDR5-6000,RTX 4080,1000 W
508,Intel Core i5-13600KF,Z790,64 GB (2 x 32 GB) DDR5-5600,RTX 4090,1000 W
509,AMD Ryzen 7 7700X,B650,32 GB (2 x 16 GB) DDR5-6000,RTX 4080,1000 W
510,AMD Ryzen 9 7950X,X670E,64 GB (2 x 32 GB) DDR5-6000,RTX 4090,1500 W
511,AMD Ryzen 9 7950X,X670E-PLUS,64 GB (2 x 32 GB) DDR5-6000,RTX 4070 Ti,1500 W
512,AMD Ryzen 7 7700X,B650E-I,32 GB (2 x 16 GB) DDR5-6000,RTX 4090,1500 W
513,Intel Core i7-13700KF,Z790-A,32 GB (2 x 16 GB) DDR5-6000,RTX 4090,1000 W
514,AMD Ryzen 9 7950X,X670E-PRO,32 GB (2 x 16 GB) DDR5-6000,RTX 4090,1000 W
515,AMD Ryzen 9 7900X,B650E,32 GB (2 x 16 GB) DDR5-6000,RTX 4080,1000 W
516,AMD Ryzen 9 7950X,X670E-E,64 GB (2 x 32 GB) DDR5-5200,RTX 4090,1000 W
517,AMD Ryzen 9 7950X,X670E-I,32 GB (2 x 16 GB) DDR5-5600,RTX 4090,1000 W
518,AMD Ryzen 9 7900X,X670E,32 GB (2 x 16 GB) DDR5-6000,RTX 4090,1000 W
519,AMD Ryzen 9 7900X,B650E-I,32 GB (2 x 16 GB) DDR5-6000,RTX 4090,850 W
520,AMD Ryzen 9 7900X,X670E,32 GB (2 x 16 GB) DDR5-6400,RTX 4090,1000 W
521,Intel Core i5-13600KF,Z790-PLUS,32 GB (2 x 16 GB) DDR5-6200,RTX 4080,850 W
522,AMD Ryzen 9 7900X,X670E-PLUS,32 GB (2 x 16 GB) DDR5-6000,RTX 4070 Ti,1000 W
523,AMD Ryzen 9 7950X,X670E,64 GB (2 x 32 GB) DDR5-6000,RTX 4090,1000 W
524,Intel Core i7-13700KF,Z690,32 GB (4 x 8 GB) DDR4-3600,RTX 4070 Ti,850 W
525,AMD Ryzen 7 7700X,X670E-PRO,64 GB (2 x 32 GB) DDR5-5200,RTX 4090,1200 W
526,Intel Core i5-13600KF,Z790-P,32 GB (2 x 16 GB) DDR5-5600,RTX 4070 Ti,1000 W
527,AMD Ryzen 9 7900X,B650E,32 GB (2 x 16 GB) DDR5-6000,RTX 4070 Ti,850 W
528,AMD Ryzen 9 7900X,X670E-E,64 GB (2 x 32 GB) DDR5-6000,RTX 4090,1000 W
529,AMD Ryzen 9 7900X,B650I,64 GB (2 x 32 GB) DDR5-5200,RTX 4070 Ti,850 W
530,AMD Ryzen 7 7700X,X670E,32 GB (2 x 16 GB) DDR5-6000,RTX 4090,1000 W
531,AMD Ryzen 7 7700X,B650E-F,32 GB (2 x 16 GB) DDR5-5600,RTX 4080,1000 W
532,Intel Core i5-13600KF,Z790-P,32 GB (2 x 16 GB) DDR4-3600,RTX 4070 Ti,850 W
533,Intel Core i7-13700KF,Z790,32 GB (2 x 16 GB) DDR5-6200,RTX 4080,850 W
534,Intel Core i5-13600KF,Z690,16 GB (2 x 8 GB) DDR4-3600,RTX 4070 Ti,850 W
535,AMD Ryzen 5 5600X,B550M-ITX/ac,32 GB (2 x 16 GB) DDR4-3600,RTX 4070,650 W
536,AMD Ryzen 9 7950X,X670E-CREATOR,64 GB (2 x 32 GB) DDR5-6000,RTX 4090,1200 W
537,AMD Ryzen 7 7700X,X670E-A,32 GB (2 x 16 GB) DDR5-6000,RTX 4080,1000 W
538,Intel Core i5-13600KF,Z790-P,32 GB (4 x 8 GB) DDR4-3600,RTX 4070 Ti,1000 W
539,AMD Ryzen 7 7700X,B650-P,32 GB (2 x 16 GB) DDR5-6000,RTX 4080,750 W
540,Intel Core i7-13700KF,Z790,32 GB (2 x 16 GB) DDR5-6400,RTX 4070 Ti,850 W
541,AMD Ryzen 9 7900X,X670E,32 GB (2 x 16 GB) DDR5-5200,RTX 4090,1000 W
542,AMD Ryzen 9 7950X,X670E-E,32 GB (2 x 16 GB) DDR5-6000,RTX 4090,1200 W
543,Intel Core i7-13700KF,Z790-PLUS,32 GB (4 x 8 GB) DDR4-3200,RTX 4090,1200 W
544,AMD Ryzen 9 7950X,B650,32 GB (2 x 16 GB) DDR5-5600,RTX 4070 Ti,850 W
545,AMD Ryzen 9 7900X,B650,32 GB (2 x 16 GB) DDR5-6000,RTX 4090,1300 W
546,Intel Core i7-13700KF,Z790,32 GB (2 x 16 GB) DDR5-6000,RTX 4070 Ti,850 W
547,AMD Ryzen 9 7900X,X670E,32 GB (2 x 16 GB) DDR5-5600,RTX 4090,1200 W
548,Intel Core i5-13600KF,Z790-P,32 GB (2 x 16 GB) DDR5-6000,RTX 4080,850 W
549,AMD Ryzen 9 7900X,B650E,32 GB (2 x 16 GB) DDR5-5200,RTX 4090,1200 W
550,AMD Ryzen 9 7950X,B650,32 GB (2 x 16 GB) DDR5-6600,RTX 4080,1300 W
551,AMD Ryzen 9 7950X,B650,32 GB (2 x 16 GB) DDR5-5600,RTX 4080,850 W
552,Intel Core i5-13600KF,B660M,32 GB (2 x 16 GB) DDR4-3600,RTX 4070 Ti,750 W
553,AMD Ryzen 7 7700X,B650,32 GB (2 x 16 GB) DDR5-6000,RTX 4090,850 W
554,AMD Ryzen 7 7700X,B650E,32 GB (2 x 16 GB) DDR5-6000,RTX 4080,1000 W
555,AMD Ryzen 7 7700X,B650-A,32 GB (2 x 16 GB) DDR5-6000,RTX 4070 Ti,750 W
556,AMD Ryzen 9 7900X,X670E-E,32 GB (2 x 16 GB) DDR5-6000,RTX 4080,1200 W
557,AMD Ryzen 7 7700X,B650E-E,32 GB (2 x 16 GB) DDR5-6000,RTX 4080,1200 W
558,AMD Ryzen 7 7700X,B650I,32 GB (2 x 16 GB) DDR5-6000,RTX 4080,750 W
559,Intel Core i5-13600KF,Z690M,32 GB (2 x 16 GB) DDR4-3600,RTX 4070 Ti,1000 W
560,Intel Core i7-13700KF,B760-I,32 GB (2 x 16 GB) DDR5-6400,RTX 4080,850 W
561,AMD Ryzen 7 7700X,B650-A,32 GB (2 x 16 GB) DDR5-6200,RTX 4080,1200 W
562,AMD Ryzen 7 7700X,X670E-A,32 GB (2 x 16 GB) DDR5-5600,RTX 4080,1000 W
563,Intel Core i7-13700KF,Z690I,32 GB (2 x 16 GB) DDR5-5600,RTX 4080,850 W
564,AMD Ryzen 9 7900X,X670E-E,32 GB (2 x 16 GB) DDR5-6400,RTX 4090,1200 W
565,AMD Ryzen 9 7900X,X670E-PRO,32 GB (2 x 16 GB) DDR5-5200,RTX 4090,1000 W
566,AMD Ryzen 9 7900X,X670,32 GB (2 x 16 GB) DDR5-5200,RTX 4080,1000 W
567,AMD Ryzen 9 7900X,X670E,32 GB (2 x 16 GB) DDR5-5600,RTX 4070 Ti,750 W
568,AMD Ryzen 9 7900X,X670E-PRO,32 GB (2 x 16 GB) DDR5-6400,RTX 4070 Ti,1000 W
569,Intel Core i5-13600KF,Z790-A,16 GB (2 x 8 GB) DDR4-3600,RTX 4070 Ti,850 W
570,AMD Ryzen 7 7700X,B650,32 GB (2 x 16 GB) DDR5-6000,RTX 4080,750 W
571,Intel Core i5-13600KF,Z790-P,32 GB (2 x 16 GB) DDR4-3600,RTX 4090,1000 W
572,AMD Ryzen 9 7900X,X670E,32 GB (2 x 16 GB) DDR5-6000,RTX 4090,1200 W
573,AMD Ryzen 5 5600X,B550,32 GB (2 x 16 GB) DDR4-3600,RTX 4070 Ti,750 W
574,Intel Core i7-13700KF,Z790-A,32 GB (2 x 16 GB) DDR5-5200,RTX 4080,850 W
575,AMD Ryzen 7 7700X,X670E-PLUS,32 GB (2 x 16 GB) DDR5-6000,RTX 4090,1000 W
576,AMD Ryzen 7 7700X,X670E-PLUS,32 GB (2 x 16 GB) DDR5-6200,RTX 4090,1000 W
577,AMD Ryzen 9 7950X,X670E,64 GB (2 x 32 GB) DDR5-6000,RTX 4090,1600 W
578,AMD Ryzen 7 7700X,B650,32 GB (2 x 16 GB) DDR5-6000,RTX 4090,850 W
579,AMD Ryzen 5 5600X,B550I,32 GB (2 x 16 GB) DDR4-3600,RTX 4070 Ti,550 W
580,AMD Ryzen 9 7900X,X670-P,32 GB (2 x 16 GB) DDR5-6400,RTX 4070 Ti,850 W
581,AMD Ryzen 9 7950X,X670E-A,64 GB (2 x 32 GB) DDR5-6000,RTX 4090,1000 W
582,AMD Ryzen 9 7950X,X670E-E,64 GB (2 x 32 GB) DDR5-5600,RTX 4090,1600 W
583,AMD Ryzen 7 7700X,X670E,32 GB (2 x 16 GB) DDR5-6000,RTX 4090,1600 W
584,AMD Ryzen 9 7900X,X670E,64 GB (2 x 32 GB) DDR5-6000,RTX 4080,1500 W
585,AMD Ryzen 9 7900X,B650E-F,32 GB (2 x 16 GB) DDR5-6000,RTX 4070 Ti,850 W
586,AMD Ryzen 7 7700X,X670E-E,32 GB (2 x 16 GB) DDR5-5600,RTX 4090,1200 W
587,Intel Core i7-13700KF,Z790,32 GB (2 x 16 GB) DDR5-5200,RTX 4080,1000 W
588,AMD Ryzen 9 7900X,B650-P,32 GB (2 x 16 GB) DDR5-6000,RTX 4070 Ti,850 W
589,AMD Ryzen 9 7950X,X670E-F,32 GB (2 x 16 GB) DDR5-6000,RTX 4080,850 W
590,AMD Ryzen 7 7700X,X670,32 GB (2 x 16 GB) DDR5-6000,RTX 4080,850 W
591,AMD Ryzen 7 7700X,X670E-A,32 GB (2 x 16 GB) DDR5-6000,RTX 4070 Ti,850 W
592,AMD Ryzen 9 7900X,X670E-E,32 GB (2 x 16 GB) DDR5-6400,RTX 4080,850 W
593,AMD Ryzen 9 7950X,X670E,32 GB (2 x 16 GB) DDR5-6000,RTX 4090,850 W
594,AMD Ryzen 9 7900X,B650M,32 GB (2 x 16 GB) DDR5-6000,RTX 4070 Ti,850 W
595,AMD Ryzen 9 7950X,X670E-E,32 GB (2 x 16 GB) DDR5-6000,RTX 4080,1000 W
596,AMD Ryzen 9 7900X,X670E-E,32 GB (2 x 16 GB) DDR5-5600,RTX 4070 Ti,1200 W
597,AMD Ryzen 9 7950X,X670E,64 GB (2 x 32 GB) DDR5-5200,RTX 4090,1500 W
598,AMD Ryzen 9 7950X,X670E,32 GB (2 x 16 GB) DDR5-6000,RTX 4090,1650 W
599,AMD Ryzen 9 7900X,X670E-A,32 GB (2 x 16 GB) DDR5-5600,RTX 4070 Ti,1000 W
600,AMD Ryzen 9 7950X,B650E,32 GB (2 x 16 GB) DDR5-6000,RTX 4080,1000 W
601,Intel Core i5-13600KF,Z690I,32 GB (2 x 16 GB) DDR4-4000,RTX 4080,850 W
602,Intel Core i7-13700KF,Z690-A,32 GB (2 x 16 GB) DDR5-5200,RTX 4080,750 W
603,AMD Ryzen 7 7700X,X670E,32 GB (2 x 16 GB) DDR5-6000,RTX 4080,1000 W
604,AMD Ryzen 9 7950X,B650,32 GB (2 x 16 GB) DDR5-5600,RTX 4090,1000 W
605,AMD Ryzen 9 7950X,X670E,64 GB (2 x 32 GB) DDR5-6000,RTX 4090,1300 W
606,AMD Ryzen 9 7950X,X670E,64 GB (2 x 32 GB) DDR5-6400,RTX 4090,1500 W
607,AMD Ryzen 7 7700X,B650,32 GB (2 x 16 GB) DDR5-6000,RTX 4080,850 W
608,AMD Ryzen 9 7950X,B650E,32 GB (2 x 16 GB) DDR5-5600,RTX 4090,1000 W
609,AMD Ryzen 9 7900X,B650E-F,32 GB (2 x 16 GB) DDR5-6400,RTX 4080,1000 W
610,Intel Core i5-13600KF,Z690-F,32 GB (2 x 16 GB) DDR5-6000,RTX 4090,1200 W
611,AMD Ryzen 7 7700X,B650E-I,32 GB (2 x 16 GB) DDR5-6000,RTX 4090,750 W
612,AMD Ryzen 9 7950X,X670E-CREATOR,64 GB (2 x 32 GB) DDR5-6000,RTX 4090,1000 W
613,AMD Ryzen 9 7950X,X670E,64 GB (2 x 32 GB) DDR5-6000,RTX 4090,1000 W
614,AMD Ryzen 7 7700X,X670E-CREATOR,32 GB (2 x 16 GB) DDR5-5600,RTX 4080,850 W
615,AMD Ryzen 9 7950X,X670E,64 GB (2 x 32 GB) DDR5-6400,RTX 4070 Ti,1000 W
616,AMD Ryzen 7 7700X,B650,32 GB (2 x 16 GB) DDR5-6000,RTX 4080,850 W
617,AMD Ryzen 7 7700X,X670E-PLUS,32 GB (2 x 16 GB) DDR5-6000,RTX 4080,850 W
618,AMD Ryzen 9 7950X,B650-A,32 GB (2 x 16 GB) DDR5-6000,RTX 4090,850 W
619,AMD Ryzen 9 7900X,B650E,32 GB (2 x 16 GB) DDR5-5600,RTX 4070 Ti,1200 W
620,Intel Core i5-13600KF,B660-I,32 GB (2 x 16 GB) DDR5-6000,RTX 4090,1000 W
621,AMD Ryzen 7 7700X,X670E-A,32 GB (2 x 16 GB) DDR5-6000,RTX 4080,1000 W
622,AMD Ryzen 9 7900X,X670E,32 GB (2 x 16 GB) DDR5-6000,RTX 4090,1300 W
623,AMD Ryzen 9 7900X,B650-PLUS,32 GB (2 x 16 GB) DDR5-6000,RTX 4080,1000 W
624,AMD Ryzen 9 7950X,X670E,64 GB (2 x 32 GB) DDR5-5200,RTX 4090,1000 W
625,AMD Ryzen 9 7900X,X670E-E,32 GB (2 x 16 GB) DDR5-6000,RTX 4090,1200 W
626,AMD Ryzen 9 7950X,X670,32 GB (2 x 16 GB) DDR5-6000,RTX 4080,1000 W
627,AMD Ryzen 9 7950X,X670E-A,32 GB (2 x 16 GB) DDR5-5600,RTX 4080,1000 W
628,AMD Ryzen 9 7950X,X670E-E,32 GB (2 x 16 GB) DDR5-6000,RTX 4090,1000 W
629,AMD Ryzen 9 7950X,X670E,32 GB (2 x 16 GB) DDR5-6000,RTX 4090,1300 W
630,Intel Core i7-13700KF,Z69XT-W1,32 GB (2 x 16 GB) DDR4-3200,RTX 4070 Ti,850 W
631,AMD Ryzen 9 7950X,X670E,32 GB (2 x 16 GB) DDR5-5600,RTX 4090,1000 W
632,AMD Ryzen 5 5600X,B550-I,32 GB (2 x 16 GB) DDR4-3200,RTX 4080,850 W
633,AMD Ryzen 9 7900X,X670E-E,32 GB (2 x 16 GB) DDR5-6000,RTX 4080,1200 W
634,AMD Ryzen 9 7900X,X670E-PLUS,32 GB (2 x 16 GB) DDR5-6200,RTX 4090,1000 W
635,AMD Ryzen 7 7700X,X670,32 GB (2 x 16 GB) DDR5-6000,RTX 4090,1000 W
636,AMD Ryzen 7 7700X,X670,32 GB (2 x 16 GB) DDR5-6000,RTX 4080,850 W
637,AMD Ryzen 9 7950X,X670E,32 GB (2 x 16 GB) DDR5-6000,RTX 4090,1000 W
638,AMD Ryzen 9 7950X,X670E,64 GB (2 x 32 GB) DDR5-6400,RTX 4080,1200 W
639,AMD Ryzen 7 7700X,B650,32 GB (2 x 16 GB) DDR5-6000,RTX 4070 Ti,1000 W
640,Intel Core i7-13700KF,Z790,32 GB (2 x 16 GB) DDR5-6600,RTX 4090,1000 W
641,Intel Core i7-13700KF,Z790,32 GB (2 x 16 GB) DDR5-6000,RTX 4090,1000 W
642,AMD Ryzen 7 7700X,X670E-I,64 GB (2 x 32 GB) DDR5-5600,RTX 4090,1000 W
643,AMD Ryzen 9 7950X,X670E,64 GB (2 x 32 GB) DDR5-5200,RTX 4090,1000 W
644,AMD Ryzen 9 7950X,B650E-I,32 GB (2 x 16 GB) DDR5-5600,RTX 4080,850 W
645,AMD Ryzen 9 7950X,X670E,64 GB (2 x 32 GB) DDR5-6000,RTX 4090,1600 W
646,Intel Core i7-13700KF,Z790,64 GB (2 x 32 GB) DDR5-5200,RTX 4080,1300 W
647,AMD Ryzen 9 7950X,X670E,32 GB (2 x 16 GB) DDR5-6000,RTX 4090,1300 W
648,AMD Ryzen 9 7900X,X670,16 GB (2 x 8 GB) DDR5-6000,RTX 4080,1050 W
649,AMD Ryzen 5 5600X,B550-PLUS,16 GB (2 x 8 GB) DDR4-3200,RTX 4070 Ti,600 W
650,AMD Ryzen 9 7950X,X670-P,32 GB (2 x 16 GB) DDR5-6000,RTX 4080,1000 W
651,AMD Ryzen 9 7950X,X670E,32 GB (2 x 16 GB) DDR5-6000,RTX 4090,1300 W
652,AMD Ryzen 7 7700X,B650,32 GB (2 x 16 GB) DDR5-6000,RTX 4090,1000 W
653,AMD Ryzen 7 7700X,B650-A,32 GB (2 x 16 GB) DDR5-6000,RTX 4090,850 W
654,Intel Core i7-13700KF,Z790-E,32 GB (2 x 16 GB) DDR5-6000,RTX 4080,850 W
655,AMD Ryzen 9 7950X,X670E,32 GB (2 x 16 GB) DDR5-6000,RTX 4090,1600 W
656,AMD Ryzen 7 7700X,B650E,32 GB (2 x 16 GB) DDR5-6000,RTX 4080,1200 W
657,AMD Ryzen 7 7700X,B650-A,32 GB (2 x 16 GB) DDR5-6000,RTX 4080,1000 W
658,AMD Ryzen 7 7700X,X670,32 GB (2 x 16 GB) DDR5-6000,RTX 4090,1200 W
659,AMD Ryzen 5 5600X,B550-PLUS,16 GB (2 x 8 GB) DDR4-3200,RTX 4080,850 W
660,Intel Core i7-13700KF,B660-I,32 GB (2 x 16 GB) DDR5-5200,RTX 4080,1000 W
661,AMD Ryzen 9 7950X,X670E-PLUS,32 GB (2 x 16 GB) DDR5-5600,RTX 4090,1000 W
662,AMD Ryzen 9 7950X,X670E-A,32 GB (2 x 16 GB) DDR5-5600,RTX 4090,850 W
663,AMD Ryzen 7 7700X,X670E-PLUS,32 GB (2 x 16 GB) DDR5-5200,RTX 4080,850 W
664,AMD Ryzen 7 7700X,B650E-I,32 GB (2 x 16 GB) DDR5-6000,RTX 4080,850 W
665,Intel Core i7-13700KF,Z690,32 GB (2 x 16 GB) DDR5-6000,RTX 4090,1200 W
666,AMD Ryzen 9 7900X,X670E-E,32 GB (2 x 16 GB) DDR5-6000,RTX 4080,1000 W
667,AMD Ryzen 9 7950X,X670E,32 GB (2 x 16 GB) DDR5-6400,RTX 4090,1000 W
668,AMD Ryzen 7 7700X,B650,32 GB (2 x 16 GB) DDR5-5600,RTX 4080,1000 W
669,AMD Ryzen 7 7700X,X670E-I,32 GB (2 x 16 GB) DDR5-5600,RTX 4090,750 W
670,AMD Ryzen 9 7950X,X670E-E,64 GB (2 x 32 GB) DDR5-5600,RTX 4090,1350 W
671,AMD Ryzen 9 7950X,X670E,64 GB (2 x 32 GB) DDR5-5600,RTX 4090,1300 W
672,Intel Core i7-13700KF,Z790,32 GB (2 x 16 GB) DDR5-5600,RTX 4080,1000 W
673,AMD Ryzen 7 7700X,X670E-PLUS,32 GB (2 x 16 GB) DDR5-6000,RTX 4090,1000 W
674,AMD Ryzen 9 7950X,X670E-F,32 GB (2 x 16 GB) DDR5-5600,RTX 4090,1000 W
675,Intel Core i7-13700KF,Z790,32 GB (2 x 16 GB) DDR5-6400,RTX 4090,1000 W
676,AMD Ryzen 9 7950X,X670E,64 GB (2 x 32 GB) DDR5-5600,RTX 4090,1500 W
677,AMD Ryzen 9 7900X,X670E,32 GB (2 x 16 GB) DDR5-6000,RTX 4090,1000 W
678,AMD Ryzen 5 5600,Gigabyte GA-AX370-Gaming K7 ATX AM4,32 GB (2 x 16 GB) DDR4-3200,RTX 4080,750 W
679,AMD Ryzen 7 7700X,B650,32 GB (2 x 16 GB) DDR5-5200,RTX 4090,1000 W
680,AMD Ryzen 9 7900X,X670E-A,32 GB (2 x 16 GB) DDR5-6400,RTX 4080,1300 W
681,AMD Ryzen 9 7950X,X670E,32 GB (2 x 16 GB) DDR5-6000,RTX 4090,1200 W
682,AMD Ryzen 7 7700X,X670E-PLUS,32 GB (2 x 16 GB) DDR5-5200,RTX 4080,1000 W
683,AMD Ryzen 9 7950X,X670E,32 GB (2 x 16 GB) DDR5-5200,RTX 4090,1000 W
684,AMD Ryzen 9 7950X,X670E,32 GB (2 x 16 GB) DDR5-6200,RTX 4090,1300 W
685,AMD Ryzen 9 7950X,X670E-A,32 GB (2 x 16 GB) DDR5-5200,RTX 4090,850 W
686,AMD Ryzen 9 7950X,X670E,64 GB (2 x 32 GB) DDR5-6000,RTX 4090,1000 W
687,Intel Core i5-13600KF,Z690-A,32 GB (2 x 16 GB) DDR4-3600,RTX 4090,1000 W
688,Intel Core i7-13700KF,Z690-A,32 GB (2 x 16 GB) DDR4-3600,RTX 4090,1200 W
689,AMD Ryzen 9 7950X,X670E,32 GB (2 x 16 GB) DDR5-5600,RTX 4090,1300 W
690,AMD Ryzen 9 7950X,X670E-E,32 GB (2 x 16 GB) DDR5-5600,RTX 4090,1650 W
691,AMD Ryzen 9 7900X,X670E,32 GB (2 x 16 GB) DDR5-6000,RTX 4090,1500 W
692,AMD Ryzen 9 7900X,X670E-E,64 GB (2 x 32 GB) DDR5-6000,RTX 4070,850 W
693,AMD Ryzen 5 5600X,B550-F,16 GB (2 x 8 GB) DDR4-3200,RTX 4060,750 W
694,AMD Ryzen 5 5600X,B550-I,64 GB (2 x 32 GB) DDR4-3600,RTX 4090,750 W
695,AMD Ryzen 5 5600X,B550M,16 GB (2 x 8 GB) DDR4-3200,RTX 4070 Ti,650 W
696,AMD Ryzen 9 7900X,B650E-E,32 GB (2 x 16 GB) DDR5-6400,RTX 4090,1500 W
697,AMD Ryzen 7 7700X,X670E,64 GB (2 x 32 GB) DDR5-6000,RTX 4090,850 W
698,AMD Ryzen 9 7900X,B650E-I,32 GB (2 x 16 GB) DDR5-6000,RTX 4060 Ti,750 W
699,AMD Ryzen 9 7950X,B650E-F,64 GB (2 x 32 GB) DDR5-6000,RTX 4090,1000 W
700,Intel Core i7-13700KF,Z790-A,32 GB (2 x 16 GB) DDR5-7200,RTX 4090,1000 W
701,AMD Ryzen 7 7700X,B650,32 GB (2 x 16 GB) DDR5-6400,RTX 4060 Ti,1000 W
702,AMD Ryzen 5 5600X,B550,16 GB (2 x 8 GB) DDR4-3200,RTX 4060,600 W
703,AMD Ryzen 7 7700X,B650-P,32 GB (2 x 16 GB) DDR5-6000,RTX 4060 Ti,750 W
704,AMD Ryzen 5 5600X,B450M,16 GB (2 x 8 GB) DDR4-3200,RTX 4060,750 W
705,Intel Core i5-13600KF,B760M,32 GB (2 x 16 GB) DDR5-6000,RTX 4070,750 W
706,AMD Ryzen 5 5600,B550M,32 GB (2 x 16 GB) DDR4-4000,RTX 4070,750 W
707,Intel Core i5-13400F,B760M,32 GB (2 x 16 GB) DDR4-3600,RTX 4060 Ti,750 W
708,AMD Ryzen 5 5600X,B550-A,16 GB (2 x 8 GB) DDR4-3200,RTX 4060 Ti,750 W
709,AMD Ryzen 7 7700X,B650,32 GB (2 x 16 GB) DDR5-6000,RTX 4070,850 W
710,AMD Ryzen 5 5600,B450-PLUS,32 GB (2 x 16 GB) DDR4-3600,RTX 4060,600 W
711,AMD Ryzen 9 7900X,X670E-A,64 GB (2 x 32 GB) DDR5-6000,RTX 4070 Ti,850 W
712,AMD Ryzen 7 7700X,B650-A,32 GB (2 x 16 GB) DDR5-6000,RTX 4070,750 W
713,AMD Ryzen 9 7950X,B650I,64 GB (2 x 32 GB) DDR5-5600,RTX 4090,1200 W
714,AMD Ryzen 5 5600X,B450-I,16 GB (2 x 8 GB) DDR4-3600,RTX 4070,450 W
715,AMD Ryzen 9 7900X,B650E-I,64 GB (2 x 32 GB) DDR5-6000,RTX 4080,750 W
716,AMD Ryzen 9 7950X,B650E-F,32 GB (2 x 16 GB) DDR5-6400,RTX 4090,1600 W
717,AMD Ryzen 9 7950X,X670E,32 GB (2 x 16 GB) DDR5-6000,RTX 4090,1600 W
718,AMD Ryzen 7 7700X,B650,32 GB (2 x 16 GB) DDR5-6000,RTX 4070,750 W
719,AMD Ryzen 7 7700X,B650,32 GB (2 x 16 GB) DDR5-5200,RTX 4070,850 W
720,AMD Ryzen 7 7700X,B650,32 GB (2 x 16 GB) DDR5-5600,RTX 4070 Ti,850 W
721,AMD Ryzen 5 5600X,B550,16 GB (2 x 8 GB) DDR4-3200,RTX 4070 Ti,850 W
722,Intel Core i5-13600KF,B760,32 GB (2 x 16 GB) DDR5-6400,RTX 4070,850 W
723,AMD Ryzen 9 7900X,B650E-F,32 GB (2 x 16 GB) DDR5-6000,RTX 4090,1200 W
724,AMD Ryzen 7 7700X,B650M,32 GB (2 x 16 GB) DDR5-6000,RTX 4070,1000 W
725,AMD Ryzen 7 7700X,B650-A,32 GB (1 x 32 GB) DDR5-6000,RTX 4070,750 W
726,AMD Ryzen 9 7950X,B650-CREATOR,64 GB (2 x 32 GB) DDR5-6400,RTX 4090,1000 W
727,AMD Ryzen 9 7950X,X670E-PRO,64 GB (2 x 32 GB) DDR5-6000,RTX 4070,850 W
728,AMD Ryzen 7 7700X,B650M,32 GB (2 x 16 GB) DDR5-6000,RTX 4070,1000 W
729,AMD Ryzen 7 7700X,B650-A,32 GB (1 x 32 GB) DDR5-6000,RTX 4070,750 W
730,AMD Ryzen 9 7950X,B650-CREATOR,64 GB (2 x 32 GB) DDR5-6400,RTX 4090,1000 W
731,AMD Ryzen 7 7700X,B650M-A,32 GB (2 x 16 GB) DDR5-5200,RTX 4070,650 W
732,AMD Ryzen 5 5600X,B550,32 GB (2 x 16 GB) DDR4-3600,RTX 4070 Ti,750 W
733,Intel Core i5-13600KF,Z790-A,32 GB (2 x 16 GB) DDR5-6000,RTX 4090,1000 W
734,AMD Ryzen 7 7700X,X670E,32 GB (2 x 16 GB) DDR5-6000,RTX 4070 Ti,850 W
735,AMD Ryzen 7 7700X,B650-A,32 GB (2 x 16 GB) DDR5-5200,RTX 4070 Ti,850 W
736,AMD Ryzen 9 7900X,B650E,32 GB (2 x 16 GB) DDR5-5200,RTX 4070,850 W
737,AMD Ryzen 9 7950X,X670E,32 GB (2 x 16 GB) DDR5-6000,RTX 4090,1200 W
738,Intel Core i7-13700KF,Z790,32 GB (2 x 16 GB) DDR5-6000,RTX 4070 Ti,850 W
739,AMD Ryzen 7 7700X,B650,32 GB (2 x 16 GB) DDR5-6000,RTX 4080,850 W
740,AMD Ryzen 7 7700X,B650E,32 GB (2 x 16 GB) DDR5-6000,RTX 4070 Ti,1000 W
741,AMD Ryzen 7 7700X,X670E-PRO,32 GB (2 x 16 GB) DDR5-6000,RTX 4080,850 W
742,AMD Ryzen 5 5600X,B550,32 GB (2 x 16 GB) DDR4-3200,RTX 4070 Ti,850 W
743,Intel Core i7-13700KF,Z790,64 GB (2 x 32 GB) DDR5-6000,RTX 4080,1200 W
744,AMD Ryzen 9 7900X,B650E-F,32 GB (2 x 16 GB) DDR5-6000,RTX 4080,1000 W
745,AMD Ryzen 7 7700X,X670E-E,32 GB (2 x 16 GB) DDR5-6000,RTX 4080,1000 W
746,AMD Ryzen 9 7900X,X670E-PLUS,32 GB (2 x 16 GB) DDR5-6000,RTX 4090,1000 W
747,AMD Ryzen 7 7700X,X670E,32 GB (2 x 16 GB) DDR5-6000,RTX 4090,1000 W
748,AMD Ryzen 9 7950X,X670E,32 GB (2 x 16 GB) DDR5-5600,RTX 4090,1000 W
749,AMD Ryzen 9 7950X,X670E,64 GB (2 x 32 GB) DDR5-6000,RTX 4090,1000 W
750,AMD Ryzen 9 7950X,X670E,32 GB (2 x 16 GB) DDR5-5600,RTX 4090,1000 W
751,AMD Ryzen 9 7950X,B650,128 GB (4 x 32 GB) DDR5-5600,RTX 4090,1300 W
752,AMD Ryzen 9 7950X,X670E,64 GB (2 x 32 GB) DDR5-6000,RTX 4080,1200 W
753,AMD Ryzen 7 7700X,B650,32 GB (2 x 16 GB) DDR5-6000,RTX 4070,850 W
754,AMD Ryzen 9 7900X,X670,32 GB (2 x 16 GB) DDR5-6000,RTX 4090,1000 W
755,AMD Ryzen 9 7900X,X670E-A,32 GB (2 x 16 GB) DDR5-6000,RTX 4080,850 W
756,Intel Core i5-13600KF,Z790,32 GB (2 x 16 GB) DDR5-6000,RTX 4070 Ti,850 W
757,AMD Ryzen 7 7700X,X670E-F,32 GB (2 x 16 GB) DDR5-6000,RTX 4090,1300 W
